"'T Gengske","gengske, t gengske","Heuvelstraat 19","Oss","51.768748","5.524279","","Yes","Gym","","http://maps.google.com/maps?q=51.768748,5.524279","http://lh6.ggpht.com/qs549hr2f2tfrGBTQW33zUnUTYp-1ApCZYwsC5TzYZkvtqQqdVvQb7t8bzZBXSt2X2a_xvado631IHiXHu_p"
"2 Pipes","pipes","Kloosterstraat 48","Oss","51.760106","5.540616","","Yes","Stop","","http://maps.google.com/maps?q=51.760106,5.540616","http://lh3.googleusercontent.com/6bI2KkDghMphbviQ-wU63IjA3KAcrzC6FVZHYj4c7Dkp9n8dDuSLy3I5DNcb5WXy_UqWLQfusnI6xBIEFhQDgg"
"Abstract Art","abstract","Van Schaikstraat 9","Oss","51.756857","5.506629","","Yes","None","","http://maps.google.com/maps?q=51.756857,5.506629","http://lh5.ggpht.com/vjztnIn0zXNcFBIRzCQcwI2a2H-_C-2RWD71BYAgI0HSj4p4HxXZyCNLEWr2epnJcULW8tKlwmwR3ZCgoyjV"
"Archeologische Opgravingen","opgraving","Spieker","Oss","51.776036","5.531531","","Yes","Stop","","http://maps.google.com/maps?q=51.776036,5.531531","http://lh3.googleusercontent.com/2n7-IGSe2y3tWeej0mqoo4ZBkPlqCgjOVrHoeDHiO34S7itBh0Pl1NDv6kj9rwXe6Qf2tpL9BEAOi8dvnx1u"
"Bacchus","","Molenstraat 65","Oss","51.765491","5.526701","","Yes","Stop","","http://maps.google.com/maps?q=51.765491,5.526701","http://lh6.ggpht.com/ZuU7PthmqxX4ViF47rK_IegIjPnzMmTRDgCJYuqUf4svb6K6km3mor7qaptC9ILy9f-hCHYSzESxDB5RPjg-"
"Bakkerij Mural Links","bakkerij, strik","Kromstraat 162","Oss","51.761419","5.506127","","Yes","Gym","","http://maps.google.com/maps?q=51.761419,5.506127","http://lh5.ggpht.com/ZvbFdzsqeFd5E5oBRvBArPCGRf3ZbiONJtf7JSVGS-O8Rq_MZCn_KF7DGzg5I5dnIsJBteKt5SFt6Jq_Bny-"
"Baloon Popper","baloon, ballon, popper","Achter de Vuurloze 5","Oss","51.767566","5.521139","","Yes","Stop","","http://maps.google.com/maps?q=51.767566,5.521139","http://lh4.ggpht.com/Z49108nZku7I6e5gnM895VvQjoUcxJMmHL2sFTsPPkrJdS1jViUFos3QQhzvR4eKiXNKowIsFZ-euscluW6N"
"Bankje Bergoss","bergoss","Oostwal 177","Oss","51.768389","5.528307","","Yes","Gym","","http://maps.google.com/maps?q=51.768389,5.528307","http://lh5.ggpht.com/lbY6UUI7dWsulEEm5d5nXRVX8GbtKg-O3wsXBxTJ-S9HiZKlJMAJm6VUMbct8V7D_dpp_W0a_MM-4JhMq5DR"
"Basketbal Field Zuiderpark","","","Oss","51.760287","5.537265","","Yes","Stop","","http://maps.google.com/maps?q=51.760287,5.537265","http://lh3.googleusercontent.com/J2vkgxbl0tGu-d94bkkx2hlm_lB9tGEo4mCRQnMlWdJ27Frve8sodgQRIJ0LDpBBOH3GIs7E2b5fGECnKx8Z"
"Basketbalveld","","Parklaan 26","Oss","51.776244","5.500207","","Yes","Stop","","http://maps.google.com/maps?q=51.776244,5.500207","http://lh3.googleusercontent.com/U-2h0isGj00xVJn5_oz-GD2FxhDZn4EtPCvzpP2jgW92cENn-3gY42Q5yR84XoW0iK8JMTfoZfmd_EtoOPGZ"
"Bergos Factory Murial","factory mural","Koningsloper 221","Oss","51.767076","5.528739","","Yes","Gym","","http://maps.google.com/maps?q=51.767076,5.528739","http://lh4.ggpht.com/miDk9zPmMqbqALDIoEXQDMbJD6julWXbghznUt5Y_s4aGoy6HqcPOPVss2nHkdQ_WGJbHja_gIf8KhnHXn2F"
"Bermakker Voetbalveld","bermakker","","Oss","51.766123","5.513307","","Yes","Stop","","http://maps.google.com/maps?q=51.766123,5.513307","http://lh3.googleusercontent.com/m9Lp8BB_VKMYcLlrhejb0zA5JJEaDXsVWMyQaAkeFEEp_u-Ifcaxog0Av3Vi0Aozm-7-GepuHV4Y0dFKRLuT"
"Bibliotheek","","Raadhuislaan 14","Oss","51.763808","5.521897","","Yes","Stop","","http://maps.google.com/maps?q=51.763808,5.521897","http://lh3.googleusercontent.com/jbgDx2xL2fi6UwTX_ESKcRJALm6tkEGov4-xyKORdM25uvAqOW08vCKQ0DWTCIc7M9Ne2lzrNDjcDObLGnOC"
"Blauw Rendier","rendier","Anna van Schuurmanstraat 492","Oss","51.751044","5.502255","","Yes","Gym","","http://maps.google.com/maps?q=51.751044,5.502255","http://lh6.ggpht.com/dVwF9hlTi4nY5mOkErHNCUsJgXiM9APePHM5dC_4ge4cp73DesG-YijB8I-w4frC0JSvRkha5DpBFE9ud0Q"
"Blikmikker","","Lisztgaarde 101","Oss","51.754456","5.513163","","Yes","Stop","","http://maps.google.com/maps?q=51.754456,5.513163","http://lh4.ggpht.com/WYpAaCyN0v4U27dLuuX3sFExB8ARC0G0BLs414pyNmx6p-dM3yxWenFzV6xG35-TDnSL4wHiDsXsW_yQOPVFOw"
"Boerderij Dn Deel","dn deel, deel","Treubstraat 27","Oss","51.756947","5.503587","OssNL","","Gym","http://www.openstreetmap.org/?mlat=51.756946&mlon=5.503602&zoom=16","http://maps.google.com/maps?q=51.756946,5.503602","http://lh3.googleusercontent.com/1npRzUDJpoxkupkTUM_gyNgrN5VTBG3cBQrx69vn4MWjVRYLWHQggUSVxy8tYi6fQChgsg0q8KHLzan4cQBt"
"Boombankje","","Sint Barbaraplein 13","Oss","51.767317","5.521434","","Yes","None","","http://maps.google.com/maps?q=51.767317,5.521434","http://lh6.ggpht.com/gONX3Y8vEUtWSW_8XZch-wmC6gePTvRv48mzUX6-4pX06ZKXawO1C5Z-YjtqNHbAx43dbqbHbz0yAvje4cL3"
"Bronzen Ooievaar","ooievaar","Het Eiland 27","Oss","51.781877","5.516682","","Yes","Stop","","http://maps.google.com/maps?q=51.781877,5.516682","http://lh4.ggpht.com/urz3SLXMDvXDekhT7JJE2y7fZKs2UkTAuV__ZAXn4VbYi8whdG4CmREZg6jRI8yz9gadxY-4poYJNGm4Dmwi"
"Butter Art","butter","Kruisstraat 11","Oss","51.767144","5.521663","","Yes","None","","http://maps.google.com/maps?q=51.767144,5.521663","http://lh3.ggpht.com/numjnargdwmp6y4uqb9V-QEc2E2ra104d4dtltk4fSLmMKYzJRylL0oJ__emO1yRreOgjWYfg57U3ee1BsWiVv6GauGYCbaAca4LbALINg-x26c"
"Buurtbewoners","","Brederostraat 47","Oss","51.751888","5.512274","","Yes","Stop","","http://maps.google.com/maps?q=51.751888,5.512274","http://lh3.googleusercontent.com/VMrOHrprCRvd04jqBfUoaTwCQHCIvLJ56nnhXH3sOugR450ZNBdf1SiOoK_XPSMpGOShU8dKMcI4vjRRL3vt"
"Camphuysen Speeltuin","camphuysen","","Oss","51.752204","5.511083","","Yes","Unknown","","http://maps.google.com/maps?q=51.752204,5.511083","http://lh3.googleusercontent.com/jwmVnfPJkuysPiThgtwY_VzZzF-gOao4-NQX4__cwSoA_hHLHkLGgyk9ww7BSOFaGCl_Eyj98wwqlYUczbVs"
"Cow Statue","cow","Haagpoort 69","Oss","51.780308","5.521591","","Yes","ExGym","","http://maps.google.com/maps?q=51.780308,5.521591","http://lh4.ggpht.com/fPtWexxAUG0E_eBuhLkwv22Nwg43wz-guU-Bnorx-Z-1QfnpAik89k3VDcqCoMmGz79IB7hM1k-TeYaZKqGX"
"Cross at Oss","cross","Orseleindstraat 1","Oss","51.772689","5.519807","","Yes","ExGym","","http://maps.google.com/maps?q=51.772689,5.519807","http://lh6.ggpht.com/vPHXVXwZbglwNz1QyppazQMANWVhowuLHKGYPHzJqQ83IVR9w5OrVMUi4hcug0NB9xpvWS6dtxFCz6DSjCv4"
"Cross Zwanenberg","","","Oss","51.756898","5.5237","","Yes","Stop","","http://maps.google.com/maps?q=51.756898,5.5237","http://lh3.googleusercontent.com/-vszOp0TNvT29MFUfcAhdNNTtyrt6mC8C5S26XDW-ii4P8lhhC1XKRM_m8fsDFiQx6uDYY02iKj3goRSE-rL"
"Crossfield Kids West","","Treubstraat 22","Oss","51.75711","5.50412","Laurie/Leon","","Pending","","http://maps.google.com/maps?q=51.75711,5.50412",""
"Crouching Figure","crouching","Anna Bijnsstraat 32","Oss","51.754111","5.508432","","Yes","Gym","","http://maps.google.com/maps?q=51.754111,5.508432","http://lh4.ggpht.com/VJEiqupfuDsHwnX8-zIHzo0rhlZSWB_AaCFqaGgGVVoIl16kYpHxaKn6eqDS8Q4t1ym0ERZqWmUzIwqSOtGOSLHo6r9HQxO6Al8YHcSNM0WlDAw"
"CRUYFF COURT FC OSS","cruyff court","Vijversingel 22","Oss","51.769153","5.545068","","Yes","Stop","","http://maps.google.com/maps?q=51.769153,5.545068","http://lh3.googleusercontent.com/BN1FgQiv0af9BLow6fdngVMVJEt5yKUqzJhUxdt0N8b9R1QmiLPXJ_v07cPbc1JI1oGhhGKP7cZl_oa2lE_m"
"Da Costa Speeltuin","da costa, da costastraat, costa","","Oss","51.746291","5.504999","","Yes","Stop","","http://maps.google.com/maps?q=51.746291,5.504999","http://lh3.googleusercontent.com/gMHmZFj78lZ_D4ayIvBxCfKzZeStsozDeDbstaciaIiEhMRS8XlJFQLolgOUVgqMlPc2yOHUnwD5lJamm40"
"De 3 Paters","3 paters","Koornstraat 36","Oss","51.772489","5.525453","","Yes","Gym","","http://maps.google.com/maps?q=51.772489,5.525453","http://lh4.ggpht.com/hNY5vpuJR88FAgqxa-Mn6SVHeiH023G0JfzoI9ReG0R8mzC2lZKGWwnB74euiQLd6axYsu4mQAzSJbiDeDRH"
"De 3 Zitjes Van Thus V Kimmenade","3 zitjes","","Oss","51.763445","5.520792","","Yes","Stop","","http://maps.google.com/maps?q=51.763445,5.520792","http://lh3.googleusercontent.com/Wqk6UWRVTINgGz9a_DS5D9RHfcvSDOWaBMCTcj15140hlGzR6cwF7hzjC7Q1k33dZYxrNZtX1m9Z7BUgPVc"
"De Duiker","duiker","Parklaan 46","Oss","51.776988","5.498913","","Yes","Stop","","http://maps.google.com/maps?q=51.776988,5.498913","http://lh3.googleusercontent.com/3hp7LydRFkNZz8lTZlA3yzodlYaFfAwX_5ieXAr0kRUZ9_UxYu43i4MCn7uTzdr8is6DAstBEovlNL85Ixs"
"De Edelen","edelen","De Edelenburg 12","Oss","51.776756","5.515381","","Yes","Stop","","http://maps.google.com/maps?q=51.776756,5.515381","http://lh3.googleusercontent.com/Aq5avTLVmRoPSooyPHsbY0R80ZvwPogdGiB7SntBOp_fgzKt-CNB00y0uItA6vT15IFZJWTyQhrO23m1MMqGfA"
"De Harlekijn","harlekijn","Heuvel 25","Oss","51.769635","5.525561","","Yes","Stop","","http://maps.google.com/maps?q=51.769635,5.525561","http://lh4.ggpht.com/x8lya5zLoNUaFGGxMb_a2KQCdYDMTYPcd9TohJrqavPh15glZLM-LVtX3aGuxl4DKKmx5GHKcJgcmaI5E22Q"
"De Pil van Organon","pil, pil van organon","Gasstraat 12","Oss","51.764642","5.53039","","Yes","Gym","","http://maps.google.com/maps?q=51.764642,5.53039","http://lh3.googleusercontent.com/AiMBJjQCtFnXe-RS4uN8DTbV3qzD6gZbbha5i5wzNaaN5Ytd3B2UnYXfScCwB8QAJV5ucdmO0CmbGFGz3ek"
"De Schaepskooi","schaepskooi, schaapskooi","Troelstrastraat 13","Oss","51.755434","5.502799","","","Removed","","http://maps.google.com/maps?q=51.755434,5.502799",""
"De Slang","slang","Verdistraat 374","Oss","51.751101","5.516733","","Yes","Stop","","http://maps.google.com/maps?q=51.751101,5.516733","http://lh3.googleusercontent.com/LSyhlZneN_DS5gpSiO5zZh6bq3Do-iO6dCuhj1gUqawVVRsMd7N8RSH2rixijupDkDWWyQgKqJryboYtoSNB"
"De Speelbes","speelbes","Bessenlaan 24","Oss","51.770002","5.503801","","Yes","None","","http://maps.google.com/maps?q=51.770002,5.503801","http://lh3.googleusercontent.com/BVUZgQDPOIJxIaYsnYt2_NTsHygo9_1UOZkM8YAnV2SItPwUW9WwGKeWCkGRat1o-QZ80y8zt6gt4UNDXR8"
"De Spie nieuwe horzak","spie","Malpad 12","Oss","51.779267","5.534374","PLP","No","Pending","","http://maps.google.com/maps?q=51.779267,5.534374",""
"De Trekschuit","trekschuit","Teugenaarsstraat 27","Oss","51.768573","5.532947","","Yes","Stop","","http://maps.google.com/maps?q=51.768573,5.532947","http://lh3.googleusercontent.com/quNbaycTnYVnAmGIftEGX5uzv9MnoRjoo-ka7enxrf4kayE4Q5xx0pcMeuvjMk-znGN221OoqY91M5Hopinz"
"De Voetbal","voetbal","Amsteleindstraat 25","Oss","51.760731","5.49413","","Yes","Stop","","http://maps.google.com/maps?q=51.760731,5.49413","http://lh3.googleusercontent.com/x5PclKB38mU_nTnMqHZIq28qNzHWZ88Bcn_dngdLLFN4vnS4l1s2NKJUIqPV0L1uN-3_Nz0Fddodgc73YRO-yg"
"De Waterdrager","waterdrager","Voorburcht 12","Oss","51.778159","5.506949","","Yes","Gym","","http://maps.google.com/maps?q=51.778159,5.506949","http://lh4.ggpht.com/6A9BTuzJs8YYv1jtV1fkYPnHaTGE9cC2Ea3eoQtTcoEo2TIpikjPumkhAcXEzdQeHDWAf5_XyLbK2zsQQKy3SA"
"De Zonnende Dame","zonnende dame","","Oss","51.774125","5.521523","","Yes","Stop","","http://maps.google.com/maps?q=51.774125,5.521523","http://lh3.googleusercontent.com/SWrRzbfrozxo-X3p_2JMTIK2DQZ1O9C-Lr1rrJOJeCjUlQrDomGjsNv8Suk38EOMAbnCx5yp08lwU-Ve6nrBvw"
"Dierlijke figuren","","Raadhuislaan 51","Oss","51.763812","5.520768","","Yes","Stop","","http://maps.google.com/maps?q=51.763812,5.520768","http://lh6.ggpht.com/Q7H12P7l6KIL4p09iLLM4TQdWhG2WSeBkZBi3nqenfdClE-pfBQVb8vxtLoYmdqkruYHhL1mS3JVlDAkUYM"
"Docfapark Hertenkamp","hertenkamp","Bremlaan 11","Oss","51.748606","5.542061","ONL 20180620","No","Pending","","http://maps.google.com/maps?q=51.748606,5.542061",""
"Docfapark Playground","docfapark","Bremlaan 108","Oss","51.748951","5.542352","","Yes","Stop","","http://maps.google.com/maps?q=51.748951,5.542352","http://lh3.googleusercontent.com/YivF1xagdkAiyhVODXJtb9impys2NVORzZ-01Czm24wS3iC53X0_f7srsYUZ5Zk7OIstyj9G1gBh06DLrAA"
"Dorus Hoeks Speeltuin","dorus, dorus hoeks","Tuinstraat 15","Oss","51.768487","5.51666","","Yes","Stop","","http://maps.google.com/maps?q=51.768487,5.51666","http://lh3.googleusercontent.com/Bby0z-5PgEGvmeQSaiLB8j5OmfGjxi4fJaHPeSZo3f4w2tbWWSY3fO_juXqsmEQsYbBTt-fMFOtOyEwCd1o"
"Dr Zwanenburg","zwanenburg","Kloosterstraat 6","Oss","51.762884","5.533424","","Yes","Gym","","http://maps.google.com/maps?q=51.762884,5.533424","http://lh6.ggpht.com/DUUvo-evZEX30bpef1DcW4EB6cFMwXxPYl3pzzICA6zCflfFV1bp8F1uU6FuEyU2FSLPf474CqnwG5-y1nSa"
"Dr. Adrianus van der Steen","","","Oss","51.767668","5.533989","","Yes","Unknown","","http://maps.google.com/maps?q=51.767668,5.533989","http://lh3.googleusercontent.com/2qFAdMlVPqZUjhZ0oWHEaKiLJ2eew51_oNVj6IbNeQWq0bsi3a0OY-0JcTm37ohC3mYkOpLf4FCkdynm1xs"
"Draak","draak golfbad oss","Euterpehof 10","Oss","51.76011","5.519375","","Yes","Gym","","http://maps.google.com/maps?q=51.76011,5.519375","http://lh6.ggpht.com/_7LzOHP8gS49o0r0xMegZOZApkOerWX20NlaNuT_yultW-fZkZB1WLhAOjNzmIWzcPtgCZVsY8_L3zI2Egm6Ug"
"Drenkkuil","","Drenkkuil 14","Oss","51.778382","5.535332","","Yes","Stop","","http://maps.google.com/maps?q=51.778382,5.535332","http://lh3.googleusercontent.com/bHBomiNUBmnsEZJMIDImwnE4eB-Pk8aDIRFkH7HRFLIO8A1LofOqGY17XwT1em8lxvWBEqz2sPh2ZhnuoIW1"
"Drijvende Constructie Ijzertijdboerderij","drijvende constructie","Geerstraat","Oss","51.769352","5.495756","","Yes","Stop","","http://maps.google.com/maps?q=51.769352,5.495756","http://lh3.googleusercontent.com/XOnW1rVKhCZSwkrVUdiWG16dcKMtAPSQN-TyvqBzh7NVSGmuy3NScoGcY6P5qxnF1llWrsdI1JmpgipdGG9d5w"
"Drijvershof Speeltuin","drijvershof","","Oss","51.74604","5.503139","","Yes","Stop","","http://maps.google.com/maps?q=51.74604,5.503139","http://lh3.googleusercontent.com/tpjH-VnYoHKYU2cr0MyN0r-gu9_NYOd6oI20pgib4QNqF0aJ4oCQ2JCiX6uZUUTo1Rdxt6kWcKugE646mRcV"
"Dwarf's Playground","dwarf, dwarfs","Hertewissel 73","Oss","51.748026","5.497342","","Yes","Gym","","http://maps.google.com/maps?q=51.748026,5.497342","http://lh6.ggpht.com/9zUJnCKQVIOQ3foTvn4pJMHseZsOWFB1D85yNCNUUlmZ4JKCyYXS-uzk53OS8K4bgzxAYCLRmtgJDWoIFHBf"
"Engel In Boom","engel","Eikenboomgaard 27","Oss","51.771367","5.526225","","Yes","Stop","","http://maps.google.com/maps?q=51.771367,5.526225","http://lh5.ggpht.com/AjpgGWMz-mKojyAyyCBJiEL0UZMjEjRBylUXBvO20Vp-tzONfivf1bMCyeBkC7oRYmuLkU4bfz4jiZzF3wnY"
"Evenwichtsbalk Rietkraag","evenwichtsbalk","Overlaat 2","Oss","51.778246","5.501032","OCL","No","Pending","","http://maps.google.com/maps?q=51.778246,5.501032",""
"Family Memorial Stone","","Berghemseweg 110","Oss","51.7700709","5.5393477","ONL 20180620","No","Pending","","http://maps.google.com/maps?q=51.7700709,5.5393477",""
"Female Rights Memorial","female rights","Nieuwe Hescheweg 100","Oss","51.755311","5.534395","","Yes","Stop","","http://maps.google.com/maps?q=51.755311,5.534395","http://lh6.ggpht.com/tjy39Zay8CkZ2vVetvD_oiiHfXeZVPaphyFsMDeKvSX3kY0RLGU4xRTq7jrVSvdtY8wxkhyKY8W8vGGkhHbO"
"Fontein","","Barnsteen","Oss","51.764333","5.509252","","Yes","Stop","","http://maps.google.com/maps?q=51.764333,5.509252","http://lh4.ggpht.com/Vr-jTmo9fJMd9SQ5xWW8nr2oKHcZoKlXXMd65VpdHtNTe2All3cr0NmLuKDfOS2CXHrTv6rh-m9_-QB9e4g8hg"
"Fontein Rusheuvel","rusheuvel","Rusheuvelstraat 5","Oss","51.776532","5.524216","","Yes","Stop","","http://maps.google.com/maps?q=51.776532,5.524216","http://lh6.ggpht.com/JaCarrmWYGYG3k7kncDZNJO0dFFOyOjfYDISBegz5X8CNVbxZ9yyvrtc3380I4TAkh6PrakUU1KIOT74bLHL"
"Fountain","","Raadhuislaan 2A","Oss","51.765172","5.525956","","Yes","Stop","","http://maps.google.com/maps?q=51.765172,5.525956","http://lh3.ggpht.com/Rzj5ipaw9DgBKblGwwsIOfl1TpEHWGTTYSfX2OJgt7R6xo41EfFGYMYK-CFF-UEEtfiar6wiIJV2Zr-zpFI"
"Fountain","parklaan","Parklaan 20","Oss","51.776068","5.500602","","Yes","Gym","","http://maps.google.com/maps?q=51.776068,5.500602","http://lh3.ggpht.com/Rzj5ipaw9DgBKblGwwsIOfl1TpEHWGTTYSfX2OJgt7R6xo41EfFGYMYK-CFF-UEEtfiar6wiIJV2Zr-zpFI"
"Fruithapje","","Oosthaag 12","Oss","51.779847","5.519938","","Yes","Stop","","http://maps.google.com/maps?q=51.779847,5.519938","http://lh4.ggpht.com/8nXVke3GHzHGN7Hjxw5ZFC_UYWJG5FoR9Z94D-ilAL6ifM_OfKy0Lv6kO1sUACUwHKP-IDPaB91u6lkWsIDNUQ"
"Gedicht bij Emte op de muur","emte","Heschepad 53A","Oss","51.7669506","5.5238324","OCL","","Rejected","http://www.openstreetmap.org/?mlat=51.7669506&mlon=5.5238324&zoom=16","http://maps.google.com/maps?q=51.7669506,5.5238324",""
"Gedicht Camphuysenstraat","camphuysenstraat","Camphuysenstraat 3","Oss","51.753631","5.51028","","Yes","Stop","","http://maps.google.com/maps?q=51.753631,5.51028","http://lh6.ggpht.com/fGhje_xVJ30I4qTrP615NOsJCVFOGfFGSy5FoK6FHQtjDfTLVYaAu36oStC7XhVMD0uEh827W_xia05WxZAh"
"Gedicht Haarviltstraat","haarviltstraat","","Oss","51.76669","5.523896","","Yes","Stop","","http://maps.google.com/maps?q=51.76669,5.523896","http://lh3.googleusercontent.com/r96EEszW6audryfcwj15fCJnevvsm7rlqXKjDyEi5q_Ukl2MD6MyH81uIKcKOiWX3z7IyN111J8e_D6ZggdP"
"Gedicht spieghelstraat","spiegelstraat","Constantijn Huygensstraat 36","Oss","51.752342","5.508291","","Yes","Stop","","http://maps.google.com/maps?q=51.752342,5.508291","http://lh3.googleusercontent.com/Z7Tltx_htU04nKE1sXHtIDRv5ObxusIKRsui6pdsL8awkCX0mUavPbXZ79Tfhgo75A0OkJJQETZWJ0xrwLw"
"Gedicht Vd Nootstr","nootstraat","Van der Nootstraat 26","Oss","51.751884","5.509607","","Yes","Stop","","http://maps.google.com/maps?q=51.751884,5.509607","http://lh5.ggpht.com/ybSdlC0Z6sNWMXjDpmFYrTXN2fxNUzWs2gi23Ts_3qXo82Pje-RSN2y8eniE7PPKW6nPb7R3MHjSnYDhhxax"
"Gedicht Vd Nootstr","constantijn huygensstraat","Constantijn Huygensstraat 26","Oss","51.752507","5.508847","","Yes","Stop","","http://maps.google.com/maps?q=51.752507,5.508847","http://lh6.ggpht.com/jeqrNAKRYETMz2HDSf0vqGmFBs4cIBhmslkVMrCJplO-13xKEPm_A5x2CE6EmjfSezKBdT2Zvd_qrpAigj_P"
"Gekleurde Hand","","Jonkers van ossstraat 17","Oss","51.772915","5.513554","","Yes","Stop","","http://maps.google.com/maps?q=51.772915,5.513554","http://lh6.ggpht.com/AgJ1ZQvJvQhMsR6Me99zHVE61817KtAWUyNtoVxnH031fEcnlg4Fbrpni0ALJe3jo4sus7cod2z6WJwMmM8"
"Gemeentehuis Oss","","Raadhuislaan 2","Oss","51.764741","5.524724","","Yes","Stop","","http://maps.google.com/maps?q=51.764741,5.524724","http://lh3.googleusercontent.com/YcsgIfswv0_Efn-SN1hcnwH391SjV2-SrBOaYH17dEHGDTyJvU0x4-DZNAEetci3DCwCOIVuMjPHabjPWOE"
"Gereformeerde Kerk","","","Oss","51.768597","5.532118","","Yes","Stop","","http://maps.google.com/maps?q=51.768597,5.532118","http://lh3.googleusercontent.com/FLDOaq9ytcE-bqi3KvCt8-wgIC57pQeZHBzsM5zpj26B82pR1wwFUK3Nxy32t4OKNqzEcHu4_4HcxuxelSxH8g"
"Gift to the City","","Begijnenstraat 121","Oss","51.770921","5.522513","","Yes","Stop","","http://maps.google.com/maps?q=51.770921,5.522513","http://lh6.ggpht.com/3RzI98iBa4jqXrRieCQzhj3q97TM9nvAsr5ZoeGWU0mQAvbvEG4uwz9NYlx2j31g2TNiaWVY31xg7KtoKfj4"
"Glijbaan","paganinistraat","Paganinistraat 26","Oss","51.754259","5.513008","","Yes","None","","http://maps.google.com/maps?q=51.754259,5.513008","http://lh4.ggpht.com/DOtn4KT2Ee0m5_zyXcipFpgjO9gH5V_o0JCfc9JpE9XKll_EeRYlH4TPkYjqW8KYueba_RJYKYj2PqLC19YDlg"
"Glijbaan Schutterij","schutterij","Schutterij 5","Oss","51.78214","5.511422","OCL","Yes","Gym","","http://maps.google.com/maps?q=51.78214,5.511422","http://lh3.googleusercontent.com/HdxVs8RavT2Hx1WUk5EPJ9KY5yolJQmimssz7YejKq0so5lLfwjTxmf0wWEAuKPOh6rplVqfEHgWvwNDyYJEyg"
"Glijbaan Stippelmot","stippelmot","Stippelmot 11","Oss","51.77139","5.505546","","Yes","Stop","","http://maps.google.com/maps?q=51.77139,5.505546","http://lh3.googleusercontent.com/eGfzvvJViheiP0jhTL3S3qAme73F7LeQuRxykw65IK_mPy4l0V4CCbXU3Mou6YrJbpY_QHOPaTJekR3AN4X6"
"Glijbaan Suikerkampstraat","","","Oss","51.772638","5.500082","","Yes","Unknown","","http://maps.google.com/maps?q=51.772638,5.500082","http://lh3.googleusercontent.com/z6bovWDmUEU_e6c9Qc_zEVS2lRvAxtOAZVSZoeiKkS_psm3wQVEDuaBW0m2Z9M2aRUEO7-OFWXxh0UgiE5eo"
"Glijbaan Zalm","zalm","Zalm 9","Oss","51.773554","5.496053","","Yes","Stop","","http://maps.google.com/maps?q=51.773554,5.496053","http://lh3.googleusercontent.com/ZdE0oKDOndgnFndrnCL8JynrIIfQlTyT7gDzQxasejHAd4t1eDG5utT7-uXhEozi4KhiUCI52dLFZ-z49Qhz"
"Glimmende Bal","","Burchtplein 4","Oss","51.771524","5.525818","","Yes","Stop","","http://maps.google.com/maps?q=51.771524,5.525818","http://lh6.ggpht.com/skoIXz4ihAjXI0APXrdDkqPnPhTFOJbyelLh5xKYW7b1-Wn14E5FdzSVc_-eUWEymAZAxBzs8hStp429-2fv"
"Grafengel","","De Vlasakkers 7","Oss","51.763845","5.510208","","Yes","Stop","","http://maps.google.com/maps?q=51.763845,5.510208","http://commondatastorage.googleapis.com/ingress.com/img/default-portal-image.png"
"Grand Fountain","","Anna van Schuurmanstraat 492","Oss","51.750677","5.501853","","Yes","Removed","","http://maps.google.com/maps?q=51.750677,5.501853",""
"Groene Wipkip","","","Oss","51.77684","5.496907","","Yes","Unknown","","http://maps.google.com/maps?q=51.77684,5.496907","http://lh3.googleusercontent.com/ayHuiVDgT1ddMjNTxJvSrTwRt5Yb6jmE108cO3o5gy4wvs5AwUYKMCK2u6s2KLX3OH1FcnySxSqL3vfYhPbq"
"Grote Kuil","","Grote Kuil","Oss","51.779059","5.53289","","Yes","Stop","","http://maps.google.com/maps?q=51.779059,5.53289","http://lh3.googleusercontent.com/3A2GPKX963nd1i-HllDzcoRHq21_20pIHnUCzWdCpeCogupSwLpeCiBgTnTM_wz4kmwsE6MgZloB52fuFMs"
"Hand","hand raadhuislaan, raadhuislaan","Raadhuislaan 27A","Oss","51.764437","5.523903","","Yes","Gym","","http://maps.google.com/maps?q=51.764437,5.523903","http://lh3.ggpht.com/vLgZjFWJogEpCJvZXFFC_5cWUQ0BuM8Hc0L6X3VzN-qf8O8WovpsEKxMb5pD9vz_0Xh6UDHQ-eOmAoZAXuOb"
"Hand at Station, Oss West","hand at station, oss west","Van Schaikstraat","Oss","51.75789","5.506187","","Yes","Stop","","http://maps.google.com/maps?q=51.75789,5.506187","http://lh3.ggpht.com/OnYH9xPSaHGwX7lHf7n9vQaR80vaV0o8Ad9V-3GnUIxEUmRRl-SaeEg0i_i3jIB_3HYBRV7Dxa6iRfX6eg4"
"Hand Paal","","Grindlaan 4","Oss","51.762927","5.499971","","Yes","Stop","","http://maps.google.com/maps?q=51.762927,5.499971","http://lh5.ggpht.com/gF5DZJiIzEjcywk4wk2Qi17Bp2WQKeZTOt9pjyfVLDFxZLTVl0vapolzgjgW2uQrfVKqXo7dCkX_5HQZUbqg"
"Handje","handje verdistraat, verdistraat","Verdistraat 79","Oss","51.752726","5.517887","","Yes","Gym","","http://maps.google.com/maps?q=51.752726,5.517887","http://lh3.ggpht.com/zsTO_yuJw6Fcd1vfwRD0D1ZtrJlOyoaO_D88pUu8k8z9C6FsAyjaicSxZxtZ6tobLqAoslEe5_6nZXXYGWSoVQ"
"Handje bij Oss West III","handje, oss west, station oss west","Van Schaikstraat 13","Oss","51.756684","5.507019","","Yes","Gym","","http://maps.google.com/maps?q=51.756684,5.507019","http://lh4.ggpht.com/aHiYwabgBxg3ATe--YfkozuLuWm7UHMlyNBqeQxKD8m7q47awhnJxaKhYfVcRaHWmAoF8BrnYXXj0ScOsZn33q57eEoS7zR76c2H5iWmc2lq2OfV"
"Hands","","John F. Kennedybaan","Oss","51.764991","5.512129","","Yes","Stop","","http://maps.google.com/maps?q=51.764991,5.512129","http://lh6.ggpht.com/TyWttJ75EqpD80sUlbjkUyaXwqRLqVUznPbUXBg4V9oNGb_Wal0ONtlUOG4zBDZa0vPW6SXdkjKUv5JATEQ"
"Hannie Schaft Speeltuin","hannie schaft","","Oss","51.770252","5.536154","","Yes","Stop","","http://maps.google.com/maps?q=51.770252,5.536154","http://lh3.googleusercontent.com/OPz6n8ewtLRPCulvhhKm8pVYmu0HSvoW2WFZDJToKGY2XTaIh2hcX0HiMw_nZOhLBaM70s2b5oF0KkHni5Q1"
"Hazenakker Soccerfield","hazenakker","Meidoornlaan","Oss","51.7504","5.534357","ONL 20180620","Yes","Stop","","http://maps.google.com/maps?q=51.7504,5.534357","http://lh3.googleusercontent.com/yJcQCuhZWDYsqBm7dNwlcDcxthZZSJcjc2PqXDVgUZtNSCCsUyA16rb9zE0AKyw1GuArESTVHEjFTV-kbqWyZQ"
"Head","","Monsterstraat 5","Oss","51.769053","5.52305","","Yes","Stop","","http://maps.google.com/maps?q=51.769053,5.52305","http://lh3.googleusercontent.com/v8f4FJRrgqZpmKeldKQlmYO2jk_ophjcMsTT96wLVqK6KaS5D81iv-1Ynfe_rqUOUYRszh-YIr41JhCIyrE"
"Heilig Hart Church","heilig hart","Kromstraat 107","Oss","51.761903","5.510695","","Yes","ExGym","","http://maps.google.com/maps?q=51.761903,5.510695","http://lh3.ggpht.com/pKz-jJot-t5it3wuYIgmhPkx0ExWjI2dwRMyMsmWeuTChCkmIuWpkXgL0IhXj_kcEQ0A0ivNbsvZEB--yVYhuQ"
"Herdenkingsstenen","","","Oss","51.763161","5.526439","","Yes","Unknown","","","http://lh3.googleusercontent.com/gA7NLRyKoEDU6OpYz9rAOxDB_ymHvhWwvGI_yGRKTwNnqZaqJCiMK0x142x9uCgg75R6vFmuW63Km5hKSM4"
"Het Denkproces","denkproces","Raadhuishof 25","Oss","51.764146","5.523884","","Yes","Stop","","http://maps.google.com/maps?q=51.764146,5.523884","http://lh3.googleusercontent.com/KIzyyGUn1xaa9XJwDLfFOT2sJCgveLh2vzAMkdAKhmVR-r0zSmxVrlrQ6jbT0Uw66KHXh654Pm7Txf6MviiV"
"Het Gezin","gezin","Kloosterstraat 6","Oss","51.762751","5.533769","","Yes","None","","http://maps.google.com/maps?q=51.762751,5.533769","http://lh3.googleusercontent.com/Fd1P-HlbZ5GwcMfQ8fnwPuxYoTu8CM9iwa7mk6ZhX8PK8s00MxFAJEChAALQDc8him54KTwDYAR6ycrWpFnm"
"Het Hert","hert","Het Woud 2","Oss","51.747477","5.501185","","Yes","ExGym","","http://maps.google.com/maps?q=51.747477,5.501185","http://lh3.googleusercontent.com/a65MXfxO3wWzf-Vs0XrDTmLTY0fpNmaFz7shdFrausAAA1mmimJLWoKgi_AzTxNGHZL3GkcVI1_VTWTNLmVnMA"
"High Five","","","Oss","51.756527","5.506294","","Yes","Stop","","http://maps.google.com/maps?q=51.756527,5.506294","http://lh4.ggpht.com/CIrTQsVzaE64MDg-HTeoj9YN9saRxNOPK0pAuk0MwEqBi9L9F0KMKw-YYwkfdQjhKuF3Lo1yqvafFxhxLWA"
"Holy Ghost Church","holy ghost","Linkensweg 1a","Oss","51.769781","5.52947","","Yes","Stop","","http://maps.google.com/maps?q=51.769781,5.52947","http://lh5.ggpht.com/4du4raIHAuf_eDhssH1fHawZZtbHClNjdebrrJfeYl-ujZJhAR_NGqU9unpQly_u1PvZVQ2V0-WibRYwOxY"
"Honden Speelplaats","","","Oss","51.768755","5.494454","","Yes","Stop","","http://maps.google.com/maps?q=51.768755,5.494454","http://lh4.ggpht.com/Vwht3LoDMYPyCG64PFwmoLfiHzugrvGdEtiKKmXeKHTOdayGHcUiuwdPoX0uxla9LQdEcUZl0ytaV5VlB_8v"
"Hoogheuvel Playground","hoogheuvel","Lindenstraat 5","Oss","51.756257","5.54208","","Yes","Stop","","http://maps.google.com/maps?q=51.756257,5.54208","http://lh3.googleusercontent.com/rVd381z0oXmT8dAvFibK-XEJsjMOoIRa0obZJHhhYkK3wC_zwXKPHZ-0DSUho-wF235pRs3sbxygRhgbNcID"
"Horlogerie","","Kerkstraat 11A","Oss","51.768804","5.522687","","Yes","Stop","","http://maps.google.com/maps?q=51.768804,5.522687","http://lh4.ggpht.com/MzVVmFzf7lxsr5lPGtiIrO29D1wxGsBIE4KkHc5DI38dI3iBwpFS2mvArLUaEX3IwHItN1nqFo8aMbfWeLI6"
"Horse Statue","horse","De Horzak 1","Oss","51.776447","5.526927","","Yes","Gym","","http://maps.google.com/maps?q=51.776447,5.526927","http://lh4.ggpht.com/0Dvin7rSmK5J7PcAnrOgiA2UhfeCm3HkApzkw2Riwf7mD-0HJPTuhDjbHJsEQKfmQLyR6UGuwPsUEKdosxCv"
"IJzertijdboerderij Ussen","ijzertijd","","Oss","51.769631","5.496448","","Yes","ExGym","","http://maps.google.com/maps?q=51.769631,5.496448","http://lh3.ggpht.com/n5tMkPw8uKUq3q2X2R_aHNKOX9GGtcqgm8To9DaFsJfZe6uOiCtp2ludLRWWK8q0tk-FLgqGg8jVbr0p3RQ"
"Ijzerwerk","","Meidoornlaan","Oss","51.751434","5.534364","ONL 20180620","Yes","Stop","","http://maps.google.com/maps?q=51.751434,5.534364","http://lh3.googleusercontent.com/WG6TE4TaZ54b4v8prTteoRndYP6kkokRxcp7yg0uJNL5HbgqFC4D1KG5OLVHL8AUwse-zEwU53VZWRLMoyyx"
"In Rememberance of World War Two Victims","","Spoorlaan 32A","Oss","51.765061","5.529378","","Yes","None","","http://maps.google.com/maps?q=51.765061,5.529378","http://lh5.ggpht.com/K01ZGXU3C2lbWOAYK73isjq5WXLij5e6686vZsYnmNb1GEQulyuADCrpYsNSN-6bCy4TeePmhRgJTSdQoxsc"
"In Remembrance of World War Two Victims","rememberance","Spoorlaan 22","Oss","51.76502","5.529035","","Yes","Stop","","http://maps.google.com/maps?q=51.76502,5.529035","http://lh5.ggpht.com/wj7LNQYGnBIdtQcGEE1UJE5vkS3sui0-jUf2PgOz8NLROn5zgN1t-EK_mOwE4HXLa8cVuPggQMY5x30bleXu"
"Jesus Statue","jezus","Hescheweg 33","Oss","51.758636","5.528841","","Yes","Gym","","http://maps.google.com/maps?q=51.758636,5.528841","http://lh3.ggpht.com/2164f9wnxVHBbhsCbS1cy1u4ZOExiQVHlzQUaBnIodJG0ZFNfO-Tol1YzU0oty3zTaG4T8_iZtDhgdXicP4"
"Jeu de Boulebaan Sibeliuspark","","Sibeliuspark 136","Oss","51.752073","5.524756","HSL","No","Rejected","http://www.openstreetmap.org/?mlat=51.752073&mlon=5.524756&zoom=16","http://maps.google.com/maps?q=51.752073,5.524756",""
"Jezus Aan Het Kruis","","","Oss","51.76081","5.501078","","Yes","Stop","","http://maps.google.com/maps?q=51.76081,5.501078","http://lh5.ggpht.com/v5O4g9Z5lKMI1rHjytKWJ6FkJmh8PNAYpNT4vH4ScRJKRkh_ZqCn9YiYPMuOp2DzerRpzq843bZPo48EYYsvAA"
"Joodse Begraafplaats","begraafplaats","Hescheweg 124","Oss","51.75364","5.531773","ONL 20180620","Yes","Gym","","http://maps.google.com/maps?q=51.75364,5.531773","http://lh3.googleusercontent.com/Ad2_LEwTD763Bn0N5DfftYzjWBgWrWN1-8sRL8S7hzjzpYIwXMQpPUcnVSGIYCkw_PM1C-vVJ_nc9DXznuNrpg"
"Jumping","","Kuipers Rietbergstraat 31","Oss","51.77473","5.527689","","Yes","Stop","","http://maps.google.com/maps?q=51.77473,5.527689","http://lh3.ggpht.com/XYjAc2k5U4p85CsVjqk69VyU7TcUSMMwkqTaYC_8ezPNHy9CJ0QXspsQG81cecSlyxc8vC4eEcygk3SjvEdx6Q"
"Kabelbaan","","","Oss","51.763185","5.506187","","Yes","Stop","","http://maps.google.com/maps?q=51.763185,5.506187","http://lh3.ggpht.com/cO3kjYe8ibI-tTOd09zMF6SBnLJg8wec0UbQlsaqKKv6pM3_wmqC1wtNrzrIaY6-sZaxmgj9Ks8dFRuL3uw7"
"Kabelbaan","","Kuipers Rietbergstraat 154","Oss","51.77451","5.53385","","Yes","Stop","","http://maps.google.com/maps?q=51.77451,5.53385","http://lh3.googleusercontent.com/kKSuVJ_nzxerTBiCAobcziFtYle5B1hj2xz11G5c8vqWu4ulXrnW7HtUuYPjExTytvLFZZk7Diz794K3g1sIAQ"
"Kasteel Snor","snor","Anna van Schuurmanstraat 492","Oss","51.751069","5.501498","","Yes","Gym","","http://maps.google.com/maps?q=51.751069,5.501498","http://lh4.ggpht.com/Q7flfavz7EyTP2GsHQv4YhfuILqEHF0C0Jc_nakSeinsLghmIQ8t4ejTSimY3GRSBIRycvRfMVQrrowzYaLBPQ"
"Kasteel Van Oss","","","Oss","51.77204","5.526474","","Yes","Stop","","http://maps.google.com/maps?q=51.77204,5.526474","http://lh3.googleusercontent.com/hmf7_GUDZ5Z5pOWjPFWnig75Z43_xt13MN5L89yACxDxzlqZzzQaqghulVkGqzyMP5ycia3NjL4rSSUNk_M0"
"Kerk","Pauluskerk","Aartshertoginstraat","Oss","51.77151","5.514124","","Yes","Gym","","http://maps.google.com/maps?q=51.77151,5.514124","http://lh3.ggpht.com/BRfI3O_b81Kjtjaznq6_Wbq6GHwzA0dAcOhd5VJ82bdaBy41wrwT1g2qr59e1kbYt-TnP668rD5aS7mk9pap"
"Kids Playground","safier","Saffier 88","Oss","51.765021","5.505474","","Yes","Stop","","http://maps.google.com/maps?q=51.765021,5.505474","http://lh3.googleusercontent.com/nbg82FkZXUeAAVHA_rwOsYUTRm-bhV77iXAmEeMvv9m7rIo2XpQs88XwuAlYGgwnQkqFMoE7En_K1OLEewf5"
"Kids Playground Zuid","playground zuid","","Oss","51.757761","5.541671","","Yes","ExGym","","http://maps.google.com/maps?q=51.757761,5.541671","http://lh3.googleusercontent.com/330r28Z6IoC3NP02LLxWnSlGaAo26KLPFBkWNzCrr9Nwhb6HJGj_7UCn73LjDgj4xldV0obf3RP9UOnwFmpg"
"Kids Playground Zuiderpark","zuiderpark, trompstraat","Trompstraat 77","Oss","51.759881","5.538055","ONL 20180620","Yes","Stop","","http://maps.google.com/maps?q=51.759881,5.538055","http://lh3.googleusercontent.com/m-zyh1oCGRw717AYr5-J9F2fpsGf1GZiW3_x-jUR2AipS2tV2vpknoD9sOSEG7c5W-ovpLqHqn4ZqA_vQshO"
"Kiss (Maaslandcollege)","maaslandcollege","","Oss","51.762461","5.523219","","Yes","Stop","","http://maps.google.com/maps?q=51.762461,5.523219","http://lh3.ggpht.com/onAqCtgCu5wOV6_ntY_ve8h0ZcjEoNBygkK4sSK475Corko81UQTzuyNXH9DK-yqiE0vQrjBgUDbvfBzYQep"
"Klimmuur SEC","","Martin Luther Kingplein","Oss","51.755391","5.52644","HSL","","Rejected","http://www.openstreetmap.org/?mlat=51.755391&mlon=5.52644&zoom=16","http://maps.google.com/maps?q=51.755391,5.52644",""
"Klimrek Johannes Post","johannes post","","Oss","51.772421","5.544117","","Yes","Unknown","","http://maps.google.com/maps?q=51.772421,5.544117","http://lh3.googleusercontent.com/9QlE9S02L_-Ns7nW-UYBZ91sLHzF4Fvs1fKX7JtKOwaTX_8E9y1Q_qzjtCUP9cpqqmFs0uXaRYOztXwwbIs"
"Klokkenspel","","","Oss","51.765002","5.525108","","Yes","Stop","","http://maps.google.com/maps?q=51.765002,5.525108","http://lh3.googleusercontent.com/i_iBnxZToE387t2wtCp0eWKQWdEabQvqQ8Kk0essUZvqQTcFC48PqFP1GKGufXNpOhKpBOKhbiRn_HwiDKMb"
"Klokkentoren Karmelieten 1890-1990","klokkentoren karmelieten, karmelieten, klokkentoren","Oude Molenstraat 8","Oss","51.760404","5.532031","","Yes","Stop","","http://maps.google.com/maps?q=51.760404,5.532031","http://lh6.ggpht.com/2gTKy4idpK-6_CXz-IeTq5e3uZv6kIgAWOw2Vogv7kHWG1NFiyLJmCONvSRx7I1tVjWZDWW4FUdLctRvDwwdEQ"
"Knooppunt 28","","Gerbrandylaan 1","Oss","51.758079","5.507684","","Yes","Stop","","http://maps.google.com/maps?q=51.758079,5.507684","http://lh4.ggpht.com/9-cYiJyO7vmdBA5Y0g2ZSqMSs2b1DBmDXCBC-DBLEx-njzD60E2wTrmTy2N79Dlh1KJoJTX92lzPRCQp6MBm3Q"
"Koning Op Dak","koning, dak, op dak","","Oss","51.760002","5.515854","","Yes","Gym","","http://maps.google.com/maps?q=51.760002,5.515854","http://lh3.googleusercontent.com/w3tBydw8oliPF3PfBzZyGipoHBmHGWfQgNHk_86qzFSae-pLuS4zvy90o2E6kt8f7JFZ-LmwnzJYt2Hx_5I"
"Kroonprins","","Kasteel 31","Oss","51.775802","5.515659","","Yes","Stop","","http://maps.google.com/maps?q=51.775802,5.515659","http://lh3.googleusercontent.com/DF1TjGP3P204kAZX_7vMR9i47r5UNbJWMoD4KZ0R8wmLr7sOhCld63NBg-KIPSori60OFqj79JRwyQlY5C0L"
"Kruip Toestel Mini Mensjes","kruip toestel, mini mensjes","","Oss","51.771881","5.530132","","Yes","Stop","","http://maps.google.com/maps?q=51.771881,5.530132","http://lh3.googleusercontent.com/QtkBRBHRhLJbxRk1Jmz6otSZr5ErtBc-G1c3MPfKLMfIUMvUlBimBAGtIwzUae-0ri5SNMNsIDaU2ndjmaIb"
"Kunst Poppen","poppen","","Oss","51.774056","5.504161","","Yes","Gym","","http://maps.google.com/maps?q=51.774056,5.504161","http://lh6.ggpht.com/_m8vDC5xCdoGf10Tj_IA6TwJTg7bKNzh-zkg7xtAuvMnD4n93OwxcL-IW_Tlv-WPvN9RlqsguKg0C69a5meF"
"Lancer Sculpture","lancer","Tournooiveld 21","Oss","51.778906","5.511939","","Yes","ExGym","","http://maps.google.com/maps?q=51.778906,5.511939","http://lh3.ggpht.com/5PBP-KK3huPyBBwjkmZZV5FXrqiscQ8S0U8dcO6prBX7r4mxD6j2ykaymSe4pno99E7JVZAB6vPDb7ZbQak"
"Lippen","","Strovlasstraat 2","Oss","51.760628","5.501357","","Yes","ExGym","","http://maps.google.com/maps?q=51.760628,5.501357","http://lh3.ggpht.com/53_cvHMyCgNb9cEMwCsf_0HJaTx-QisThrhSBq2lsgVZ7_QQQjK-8qiXyFDKfFFkgILrlJJce9xN9ktC1pw"
"Logo Osse Hockeyclub","osse hockeyclub, hockeyclub, de osse tennisclub, osse tennisclub, tennisclub","Macharenseweg 14","Oss","51.778306","5.527876","","Yes","Stop","","http://maps.google.com/maps?q=51.778306,5.527876","http://lh3.ggpht.com/nxRYJkAH-wDcKgn3_5phBrWj7Uwu9AK2_W8Lly0sDU7LgRnM3fScrSpo-BfmSGaedsoLWV9kck916IH6BXHX"
"Louis de Bourbon","louis, bourbon","Burgemeester de Bourbonhof 46","Oss","51.767271","5.535825","","Yes","Stop","","http://maps.google.com/maps?q=51.767271,5.535825","http://lh3.googleusercontent.com/QV1C2YC218O2UGYFCbhhDJJd7EYQV5PAbZm1SdJ335hIndAP2s0CALJdtKMcvVny3LFlZiU2bym2ii0dyt8sLg"
"Maanplantsoen","","Neptunusstraat 8","Oss","51.768528","5.503717","OCL 20180623","No","Pending","","http://maps.google.com/maps?q=51.768528,5.503717",""
"Man with Bag","","Kruisstraat 23","Oss","51.766223","5.521142","","Yes","Stop","","http://maps.google.com/maps?q=51.766223,5.521142","http://lh6.ggpht.com/3BP8XQY7DAhfjD97xWl_30ajYXINPbxjFyHAOkevy92_M6TJkvv9rFtWjhavTllR8Aj98xP_pVOOb11GXBkL"
"Mannetje Bij De Handboog","handboog","Bourgondiestraat 38","Oss","51.775197","5.516097","","Yes","ExGym","","http://maps.google.com/maps?q=51.775197,5.516097","http://lh6.ggpht.com/8bLSc2Qonh0LkC8oMaekYMgdpFqrCMeZPacluVzF-5SrmYPaBuBD5VWwisQs0O1hVgmZoWEMujQ7vo1gA0m2"
"Marmere Pilaar","marmeren, marmer, marmere, pilaar, marmeren pilaar","","Oss","51.772111","5.539611","","Yes","Gym","","http://maps.google.com/maps?q=51.772111,5.539611","http://lh3.googleusercontent.com/Xhy7el6UshFiW85S-a2Q8n1b3I7wBv3OFr0ENj1U-tJGnKPPUAnYqlsqgDH5mvwfWeK87rPyHnXk2chcCoNi"
"Medoc","","Spoorlaan 8","Oss","51.764883","5.528454","","Yes","Stop","","http://maps.google.com/maps?q=51.764883,5.528454","http://lh6.ggpht.com/HkuXvsF4yjVdqJIjM8fKk5Gd8FPZJ4kxgMvmIrAFwkiihQHjQbSW0A6ml8I57mXXYKRJFcomV89RAteA_6879A"
"Meerpaal bij Visserskerk","","Berghemseweg 4","Oss","51.7699271","5.5296032","OCL","No","Pending","","http://maps.google.com/maps?q=51.7699271,5.5296032",""
"Meisjesschool","","Oude Molenstraat 2","Oss","51.760598","5.531544","","Yes","Stop","","http://maps.google.com/maps?q=51.760598,5.531544","http://lh3.googleusercontent.com/4CS0DL1NMzBJh3xJhJOtDn2yQHPM7pNmFwtiiFxX3zVSEOrUbis8nhQJq6F7beA3Ynotc5MbSv9NZSlgUnk"
"Metal Art","","Kortfoortstraat 122","Oss","51.763","5.519191","","Yes","Gym","","http://maps.google.com/maps?q=51.763,5.519191","http://lh3.ggpht.com/la09Gqvd5lawz9OAejXsRfM5yVdnZxp9XKqJJ9a15pMT_D05LbXtq3U0ClPcaEtGLANrQHOQGcZQl-PAT0zw"
"Mettegeupel Natuurbord","","","Oss","51.781088","5.509905","","Yes","Stop","","http://maps.google.com/maps?q=51.781088,5.509905","http://lh3.googleusercontent.com/r8GAymW425kGddSSanL5Jrg6tTWY25Gd_7_nylkQ2DT2UMhLIgCsVkADVOk4AWR3rCMiJgtwewZahsHz9Qo"
"Mill Oss","","Kruisstraat 37","Oss","51.765507","5.520532","","Yes","Gym","","http://maps.google.com/maps?q=51.765507,5.520532","http://lh6.ggpht.com/TB2M2vYBFiONeWK9IdKC1xklIpqv7zV3fX2VfqWjdRL8wmmcBEkpoK-CEOnPHpcuY1mcatbQ5_FdmL1hht08"
"Mini Voetbalveld","","","Oss","51.763301","5.50572","","Yes","Stop","","http://maps.google.com/maps?q=51.763301,5.50572","http://lh3.googleusercontent.com/I-WLU5Scyya0X6BIGHZ3nzpU5XybbyN88oMO-dQDAlixfXwUmF-JA--DWs_ZmVaIHTcatA1Pbb5IMQxFLZNuvA"
"Mini Voetbalveld van Anrooijstraat","","","Oss","51.752131","5.520132","","Yes","Unknown","","http://maps.google.com/maps?q=51.752131,5.520132","http://lh3.googleusercontent.com/t9jaqrB2RYYG7Y_U7XN6ZT4BOvJkMPAj5hocnLNRVYmxLd5DUY3k2wDF6R1w5ghbPAHdsNFyz7bz7NDmFnnMAA"
"MiniVoetbalveld Duiven","duiven","","Oss","51.768954","5.534292","","Yes","Stop","","http://maps.google.com/maps?q=51.768954,5.534292","http://lh3.googleusercontent.com/qne8s0mMhegQCggsNoi4flbVRZ3nUa7ylPS8pw_OcOpiWOea64Wh4Av8OYurFgserdQn47_sEznKuK3jPV_f"
"Modern Art","emmalaan","Emmalaan 20","Oss","51.753596","5.537143","","Yes","Gym","","http://maps.google.com/maps?q=51.753596,5.537143","http://lh5.ggpht.com/VJBbCIWNyH3O11NC8dGo3iGxqEX7DevnusKwaF_w5ibqBn0zAg0OD09Kj1OmIxs_JwgCm30-iPhc8ZT262c"
"Modern Art","kanaalstraat","Kanaalstraat 14","Oss","51.778882","5.549463","","Yes","Stop","","http://maps.google.com/maps?q=51.778882,5.549463","http://lh6.ggpht.com/O-2qIOqY8gtAq1-13i9UgaIbAZjyExjHkFa8li6Jyu0ELur5Mm15j_tJ87V4sAMinpLUWCqvcvcREFqAGd8Hfw"
"Moeder Mariabeeld","moeder maria","Molenstraat 30","Oss","51.766776","5.526023","","Yes","Stop","","http://maps.google.com/maps?q=51.766776,5.526023","http://lh5.ggpht.com/LPUCoyKM_JvTusaRhO6b2Dkqc-sB8h_zqxhK0cC_-0suUPxRwENzzRMpEm6GVliSfsp9Jhi2QYmuLWdxmzJd"
"Monumental Building","","Bram van Den Berghstraat 131","Oss","51.765872","5.529957","","Yes","Stop","","http://maps.google.com/maps?q=51.765872,5.529957","http://lh6.ggpht.com/vSW4LY_WvFJbietrQbKahDLooMq2Vnh83JgD4R6ckasKx7nSJcPv8ZzjsaC6qYzEFbM-1pyTk78Sp-e5Yx9g8g"
"Mozaiek 't Woud","t woud","Hertewissel 108","Oss","51.748907","5.497161","","Yes","Stop","","http://maps.google.com/maps?q=51.748907,5.497161","http://lh3.googleusercontent.com/_gaKZPllU5mzMmyiqWCkYEZbdJz47BW-0gqi4izDfIQ7r6fJqQjSRJvYZXYeZun9PPN4gYY4aFtB9ojSN8ee"
"Mozaiek Bank","","Oude Litherweg 18","Oss","51.772951","5.514039","","Yes","Stop","","http://maps.google.com/maps?q=51.772951,5.514039","http://lh6.ggpht.com/EdJGZrrUH-A83oKl_z2n30FiU6huZFVMLtf9ZuoAbTaVYFCvljwQQjKRC5nNZVdBAg0Vp9RQUtqpBv9V-J02"
"Mozaiek Houtstraat","houtstraat","","Oss","51.767759","5.524573","","Yes","Stop","","http://maps.google.com/maps?q=51.767759,5.524573","http://lh3.googleusercontent.com/BNfSsWEuLizTEe9N9aanAGhwMIT_rr8apLolE0Ssh5ov70hSpcSoGIddQKGSsCyeJR9jhbo2PejzE-995rk"
"Mozaiek Kunst","","","Oss","51.769879","5.504096","","Yes","Unknown","","http://maps.google.com/maps?q=51.769879,5.504096","http://lh3.googleusercontent.com/F4mrJO4KRczWBJlBBct81PoAn1__hVqPq-LQDR3wJv4r8E93SIneFxICdx1Zjfmy029l2ke9GOJM3c5PjP_W"
"Moza誰ek 't Woud","","","Oss","51.748907","5.497161","","Yes","Unknown","","http://maps.google.com/maps?q=51.748907,5.497161","http://lh3.googleusercontent.com/_gaKZPllU5mzMmyiqWCkYEZbdJz47BW-0gqi4izDfIQ7r6fJqQjSRJvYZXYeZun9PPN4gYY4aFtB9ojSN8ee"
"Moza誰ek Clown","","","Oss","51.765678","5.493146","","Yes","Unknown","","","http://lh3.googleusercontent.com/bE0mn_D9iby26lp9-Uhg7FI9g7V4S6PnTUb6DdsKmW4YcmdlScJIHdifmi7tnRwzw_2Fo3cWGeFjr-3I14U"
"Moza誰ek Houtstraat","","","Oss","51.767759","5.524573","","Yes","Unknown","","http://maps.google.com/maps?q=51.767759,5.524573","http://lh3.googleusercontent.com/BNfSsWEuLizTEe9N9aanAGhwMIT_rr8apLolE0Ssh5ov70hSpcSoGIddQKGSsCyeJR9jhbo2PejzE-995rk"
"Moza誰ek Kunst","","","Oss","51.769879","5.504096","","Yes","Unknown","","http://maps.google.com/maps?q=51.769879,5.504096","http://lh3.googleusercontent.com/F4mrJO4KRczWBJlBBct81PoAn1__hVqPq-LQDR3wJv4r8E93SIneFxICdx1Zjfmy029l2ke9GOJM3c5PjP_W"
"Mural Wolfskooi","","De Achterom 86","Oss","51.766438","5.500657","OCL 20180623","No","Pending","","http://maps.google.com/maps?q=51.766438,5.500657",""
"Muziekkapel","","Ridderhof 41","Oss","51.764998","5.526335","","Yes","None","","http://maps.google.com/maps?q=51.764998,5.526335","http://lh4.ggpht.com/VlaQmIPp-1WpsQcyCGS-SzZjkbZKCqNuWuWWJPW2_lcE1iP09uUIxvxLSfYXsLqlzDxADknoG-mWnw_EIQQ"
"Nadenkend Mannetje","nadenkend","","Oss","51.753863","5.506466","","Yes","Stop","","http://maps.google.com/maps?q=51.753863,5.506466","http://lh4.ggpht.com/GbPzVuTj56jQXjlhYDtbG7i3xmNlgV9YcpKg8euDszFS2sqhLNrG0aFXYTku2k6KHieuHCxUxqfrNb8tEqw"
"Nieuw Leven 1895","nieuw leven","Nieuwe Brouwerstraat 49","Oss","51.768266","5.518762","","Yes","Stop","","http://maps.google.com/maps?q=51.768266,5.518762","http://lh6.ggpht.com/PdIczo8EHjvq4wI9wwg2vPL_o71lwrO6vtQHFWKCPtWZBE1UZVb1UdS8fPTkM94xua4Qb5u_y0p6c6kXWOpS"
"NS-plaquette","ns","Spoorlaan 7","Oss","51.765147","5.530366","","Yes","Stop","","http://maps.google.com/maps?q=51.765147,5.530366","http://lh3.googleusercontent.com/jWU_4bwGzzxlVm99SjzXAfGmXODw8XD2D59Q7XSAvL0gITF1CzDwZFOOEUkni_tj41JNDKMST1bfWCRfNkw"
"Old Windmill","windmill","","Oss","51.76251","5.495572","","Yes","Gym","","http://maps.google.com/maps?q=51.76251,5.495572","http://lh4.ggpht.com/xVXamCJmR1tdJ8Gqf-AeOVL4HA5Ke7nagmQuiNIfenGnX0BS57CmtjCE8En05cPxkErqO_S5ffB54w2wcQDb"
"Ontvangende kunstpop","kunstpop","Uiterwaard 13","Oss","51.779013","5.499759","","Yes","Stop","","http://maps.google.com/maps?q=51.779013,5.499759","http://lh3.googleusercontent.com/0WImbhsOeuIe7zX77oOGFUr03PrW2NRs5VyvLXLHjMlHikVxUEZKlHs-7EcWI9bN1SQPhT7SBdouXd60_pi1"
"Oss","raadhuishof","Raadhuishof 25","Oss","51.764264","5.524818","","Yes","Gym","","http://maps.google.com/maps?q=51.764264,5.524818","http://lh6.ggpht.com/5aJr7t9ez78NRgo4m-4S6yXtl-qFjxlHRT0yMvZowgtFV2VvmbsyqU8XoTCT9hvRFMbbFGShmquOSfdz63AyUQ"
"Oss mural op V&D rolluik","","Walstraat 1","Oss","51.768031","5.524535","OCL","","Rejected","http://www.openstreetmap.org/?mlat=51.768031&mlon=5.524535&zoom=16","http://maps.google.com/maps?q=51.768031,5.524535",""
"Ossekop","","Julianasingel","Oss","51.754198","5.546831","","No","Removed","","http://maps.google.com/maps?q=51.754198,5.546831",""
"Oude Bernhoven","bernhoven","Joannes Zwijsenlaan 121","Oss","51.757854","5.525881","","","Removed","","http://maps.google.com/maps?q=51.757854,5.525881",""
"Ovaal Voetbalveld","","","Oss","51.751451","5.518108","","Yes","Unknown","","http://maps.google.com/maps?q=51.751451,5.518108","http://lh3.googleusercontent.com/Pam5TLgxaokLTxVjOXdDn2vNOMf5KAjk6kyi6ifbKErJ2_hoSQGM1GTxf8EQqwwWx8qJ3GH4Hxf9kPM2KGJi"
"Paal","","Marchantstraat 15","Oss","51.757149","5.50687","","Yes","None","","http://maps.google.com/maps?q=51.757149,5.50687","http://lh3.ggpht.com/4RE9yVtJgYkgmfw-jDpNCIr5Md9I621-3qkP-8BSUZx6eZ4Aq67RTCmIt_HDfc2ED-QxiQANVqls-3ZvghE"
"Parochie Beeld","","Kromstraat 109G","Oss","51.761996","5.510413","","Yes","None","","http://maps.google.com/maps?q=51.761996,5.510413","http://lh3.googleusercontent.com/1PTMqWPiEvvZydrRHqTed0COMAa7UuaCk4VjXtdTBwwX_9xLq6LKtRa5Knb5cde3S6c0RdZL_a1j-yj0OkFtLA"
"Patrijs Speeltuin","patrijs","","Oss","51.768831","5.534708","","Yes","Stop","","http://maps.google.com/maps?q=51.768831,5.534708","http://lh3.googleusercontent.com/ya7y3hF_b_LX9aRTfL2IhN86KPIYtYWuRVZW2XepjRzat0UnTMIHEnjXf-v4vz3AIDNFINJNarm4w2ROUkNh"
"Pauskerk","","Wethouder van Eschstraat 165","Oss","51.761838","5.523236","","Yes","Stop","","http://maps.google.com/maps?q=51.761838,5.523236","http://lh3.googleusercontent.com/obyH3kTKlhGNFZkCw5W_xdlLH94OOzlRmVVk9KISpTaOdd-XG1WVa8i35Ck-X6z1Q6nvL6s32dzy59wgo4cKbQ"
"Peach Memorial","peach, pease","Professor Regoutstraat 173","Oss","51.773701","5.532446","","Yes","ExGym","","http://maps.google.com/maps?q=51.773701,5.532446","http://lh3.ggpht.com/vLjvXNkfyRD1Wrn8juXh4WkAiBMYiZZ-kVt85-dOctDylisOTq2LGZuxcJVwM2xi1L1zT05yWxOzNXz58Hc7cA"
"Piramide Kunst","piramide, pyramide","Inlaat 11","Oss","51.777193","5.500713","","Yes","ExGym","","http://maps.google.com/maps?q=51.777193,5.500713","http://lh4.ggpht.com/jRZ2UM3r5lIT95pOiVhMotN_v2Ec19Sl55x0SyL3TBSaHF9vtyX4JNl9g71F_FBhaKqeHH2mMrC3cafJBHGtBw"
"Playground","vierhoeksingel","Hertogin Mariastraat 18","Oss","51.76732","5.510414","","Yes","Stop","","http://maps.google.com/maps?q=51.76732,5.510414","http://lh3.googleusercontent.com/jp9ZoJZAhIZzoK8Utxib5rY91j8EW-SYcu4DBZgSAz32l2oM0iQKKM3U9XsBjOME3dV4gVBsU6__ME4voATk"
"Playground","westvelderlaan","Westerveldlaan","Oss","51.772442","5.50252","","Yes","Stop","","http://maps.google.com/maps?q=51.772442,5.50252","http://lh3.googleusercontent.com/s1UQJnAxANVV0DipjHMMwHrqU48lvyzdHvVcdnFnv4sj9F7Hj8J0QzRvdKRcqKQ9sAp7ROGPNCJ-UZxPf0i3hQ"
"Playground","almstein","Almstein 3","Oss","51.775379","5.52172","","Yes","Stop","","http://maps.google.com/maps?q=51.775379,5.52172","http://lh3.googleusercontent.com/YId4hnr9VSc8CXzjHeYeXe8oxOVD_bFQa28ZLhCdhy8DybvOaXqH8w3GiWY1-TGwHfHhNnPf6xGPhHRES5yAzw"
"Playground","duiker","Duiker 14","Oss","51.775389","5.50416","","Yes","Stop","","http://maps.google.com/maps?q=51.775389,5.50416","http://lh3.googleusercontent.com/MDj3ACURZAFwMN6gyauL0TR_RrR8TbS7VjLIJ6d3hzuZFvAQXiJ21kWNPH102kuLEudZw0m5lrnfmyGMM1bw"
"Playground Beukenstraat","beukenstraat","Beukenstraat","Oss","51.755884","5.539153","OCL 20180620","Yes","Stop","","http://maps.google.com/maps?q=51.755884,5.539153","http://lh3.googleusercontent.com/gh0sCBQrvbazJYa1pDKap-8s_JeHraozXN2rfREs16klaVrSM7HSoqrAozguuAgfueBQxtk4JyjVpQyn-hmF"
"Playground Edelenburg","edelenburg","","Oss","51.778484","5.514469","","Yes","Stop","","http://maps.google.com/maps?q=51.778484,5.514469","http://lh3.googleusercontent.com/Vy7GVRwGoWz5nCpJ_UFoxVSIJ2O77UW6B3tO7QoSrkcM-QkhDxAsVBy9X-RYjviTAw4nwzKWLJRtO4yqa7lb"
"Playground Iepenstraat","iepenstraat","Iepenstraat 18","Oss","51.755536","5.539423","ONL 20180620","Yes","Stop","","http://maps.google.com/maps?q=51.755536,5.539423","http://lh3.googleusercontent.com/zUZKa_Ae3_pEN5bDQK0VzF6X3rsdQ90sj95SFwm52L8lmQCsG5MFN_YQLtePUwrkup_mmLstLpO7NGo33ylbJA"
"Playground Kraaienest","kraaiennest","Kraaienest 20","Oss","51.775493","5.498342","","Yes","Stop","","http://maps.google.com/maps?q=51.775493,5.498342","http://lh3.googleusercontent.com/94v_Ktso1SRwymDmooomxlmCXEhtqKx9GfXXDBylp3aaxZf7hoHpAFsVhvXLPlibQjDqVfv_7fCeG65pc-YYKw"
"Playground Polderkade","polerkade","Polderkade 7","Oss","51.777674","5.505547","","Yes","Stop","","http://maps.google.com/maps?q=51.777674,5.505547","http://lh3.googleusercontent.com/_BHxLu8-TgRhU_QgZizniMeZ3aBq2XRCjDs8jU3y9SFyEJ4R-qwRpUxa7ez17s9cSWEBCtFlQK4X9ofqGuc"
"Playground Tulpstraat","tulpstraat","","Oss","51.759168","5.524148","","Yes","Unknown","","","http://lh3.googleusercontent.com/5liDsk5Cwu-KIXbAoCQhm-yDVeGmSyTKnFmM6s5tQ_5Z8FoIn-mps2frzZdi8B9fnLv7tZ83K5NiQsvQB-g"
"Playground Zinker","zinker","","Oss","51.77626","5.504492","","Yes","Stop","","http://maps.google.com/maps?q=51.77626,5.504492","http://lh3.googleusercontent.com/9eNvBp-ChOUddCKzn7PlpXwgXJh6br4viPv_iniIZQCScXWLezlS0stj7Wrx_yNzSLHD93RBAcriDO2Uzq1D"
"Plop Voetbalveld","plop","","Oss","51.773436","5.534665","","Yes","Stop","","http://maps.google.com/maps?q=51.773436,5.534665","http://lh3.googleusercontent.com/n3u85BBrwOckXcaWyahfd_i-jvRe9OKvN0acNPZgRcXtr0Zl-I8g0ZsyLKoDCJf6r4R7lGvees8DP9UViabA"
"Plophut Met Bank","plophut","","Oss","51.773928","5.51361","","Yes","Stop","","http://maps.google.com/maps?q=51.773928,5.51361","http://lh3.googleusercontent.com/WYJEKr1I6ta4RpRDSBZImANM3aCQTq9Y-EPw2jKPUPAGiV87f0-HBsr_heJugYHxo5PJ8rqo4FqHjkonms_b_A"
"Ploptorentje Speeltuin","plpoptorentje","","Oss","51.76754","5.550869","","Yes","Unknown","","http://maps.google.com/maps?q=51.76754,5.550869","http://lh3.googleusercontent.com/uccbEg8jSvCPsaSKdLfVCEH04Ey044o7rhqfNfl9Qxewvsyx4sZ6-oOd5Y2-hMnHqNONxJBYgOz0i4yqXkzQ"
"Prijsschieten","","","Oss","51.77026","5.550956","","Yes","Stop","","http://maps.google.com/maps?q=51.77026,5.550956","http://lh3.googleusercontent.com/NSKNvZK6FpROd8akEfiJV8m8l60CxeJcVBSBjJIV0OTJOOEAO7fFFQ7z0ODn6Q8XcmMEX43DjGswp8Wcdp3u1Q"
"Regenboog","","","Oss","51.761188","5.521839","","Yes","Stop","","http://maps.google.com/maps?q=51.761188,5.521839","http://lh5.ggpht.com/XLne5_KD26wj0comT8IXt-doSfDH7GUzQdREyUoeCMDRIUtWWpuP88NpWuDU7inEr48mvQ-NYrq_4810Yc3WWg"
"Rhino On Rooftop","rhino","","Oss","51.779789","5.553782","","Yes","Stop","","http://maps.google.com/maps?q=51.779789,5.553782","http://lh3.googleusercontent.com/5uS59c5_LwVUEXYeIpigFetsYaOmYavls9r6VlRoved2_3oNTMc_QXuRupWhf6rHBzeBUb3FZY9A694tw4Pc"
"Ringen","","","Oss","51.779098","5.512959","","Yes","Stop","","http://maps.google.com/maps?q=51.779098,5.512959","http://lh3.googleusercontent.com/iaN3H41WUZuqQkdQ8lJE_IYNKMpULOZO6TlNyADh0N1O3k1y5hC9EWHWw1aSMYyrXyCR3gMBvVyp8lJR6fb1"
"Roedel Speeltuin","roedel, roedelhof","","Oss","51.746877","5.502428","","Yes","Stop","","http://maps.google.com/maps?q=51.746877,5.502428","http://lh3.googleusercontent.com/1dT0Aw5y_EFCcjAQUTPbIJZuqjqGKlguRxc0Yi187YGwrr2NjfXW7pB0BgjMbGT9iIjeqQo_lFFGwRqKeOW2"
"Rollout Art Bench","rollout","","Oss","51.766279","5.52822","","Yes","Stop","","http://maps.google.com/maps?q=51.766279,5.52822","http://lh4.ggpht.com/Zro_HCR8MWdw7e9mAoS5ju6hpL6oNRhXT0xdQV8EI-3yqQs01h1abYwZkh0x8kefF56bCVsnnhhHLv_4b_xJ"
"Roodborst Speeltuin","roodborst","","Oss","51.768586","5.539889","","Yes","ExGym","","http://maps.google.com/maps?q=51.768586,5.539889","http://lh3.googleusercontent.com/Emdri5fnABTU1i6N7lYxG2wwEN05ffSC50W9o9LgzwG0ct_gMtPD_AGnZQraWqATYCQqGVb1g1necEAFGcUv"
"Roundabout Art","roundabout","","Oss","51.770633","5.514779","","Yes","Stop","","http://maps.google.com/maps?q=51.770633,5.514779","http://lh5.ggpht.com/kKUru5onneoI2BarZDfYegEuQX2P_ZWRt2kn_7BDZASd3oSqmLuaFbylOoNuEgJQmmTGodB4jA9VtN_gTyNS"
"Ruivert Art","ruivert","De Ruivert","Oss","51.752319","5.529602","HSL","","Rejected","http://www.openstreetmap.org/?mlat=51.752319&mlon=5.529602&zoom=16","http://maps.google.com/maps?q=51.752319,5.529602",""
"Rusheuvel Sportpark","rusheuvel","Rusheuvelstraat","Oss","51.777393","5.524351","","Yes","Stop","","http://maps.google.com/maps?q=51.777393,5.524351","http://lh3.googleusercontent.com/_qLbjDLyu23okwswJwYLmqY2hyT9iYzxBfQzv4cocFVxkhqEGtXGYST94hVOLt9ESaRpUBbCaZVIiTnrZppGwQ"
"Schommele Schommele Schommele","schommele, schommele schommele","Anna Bijnsstraat 10","Oss","51.754016","5.507403","","Yes","Stop","","http://maps.google.com/maps?q=51.754016,5.507403","http://lh6.ggpht.com/she9otL_fN--ICUhWclOOaDpMbt8eyV961DvLUJjBKS4tuCdwpqx4e30Ve3El9HBTcX8Avr_SVMaiTKB2mgGhA"
"Schommelplaats Park Waterlaat","schommeplaats, waterlaat","Geerd Visserlaan","Oss","51.769287","5.544385","","Yes","Gym","","http://maps.google.com/maps?q=51.769287,5.544385","http://lh3.googleusercontent.com/uQh2slPTfU-jJgd0zCHXAx4KomH1qiawWTlotP4dFMHoA9vksI-bxTMcF_V-rHCQh8t1D10R8YQzP5QsxxM"
"Schutskooi Ussen","schutskooi","Ussenstraat 122","Oss","51.766578","5.491934","","Yes","Stop","","http://maps.google.com/maps?q=51.766578,5.491934","http://lh3.googleusercontent.com/aQm2_OhecS4F-8-4Fi6ZK2EGBUSxw8WY6uc3gwJk3cLmsdOyp7VfHZUGNyPOuQVscDhi_1C1-s7cjFgFPcOVkQ"
"Sitting Female Statue","sitting female","Anna Bijnsstraat 62","Oss","51.753445","5.506375","","Yes","None","","http://maps.google.com/maps?q=51.753445,5.506375","http://lh4.ggpht.com/3M5gvTzJQDnjtfvNpGxWrhRZNwaHYuKvmMgfJuYa_IXGYRO8zP8Vv27iJZBYesAN4783JAxFH9b1DGMGz4if"
"Skate Baan Graffiti","skatebaan graffity","Rusheuvelstraat 24B","Oss","51.777682","5.521869","","Yes","Stop","","http://maps.google.com/maps?q=51.777682,5.521869","http://lh3.ggpht.com/gtM7XGEJyOPSPZOQXpIM5RuxtHvyRrIHcrh7-8n-uhJHQEx7jF4bFLm6l-BdgZRyu5q_ypZo4BRMHWcsWWE_1g"
"Skatebaan","skate baan","Kuipers Rietbergstraat 146","Oss","51.774454","5.533164","","Yes","Stop","","http://maps.google.com/maps?q=51.774454,5.533164","http://lh3.googleusercontent.com/BJZJyxKzHHC40tSzg39NOCGSXSIp562Y42ulRwIGSJdQGlK2IgslGr08YwuV4opW4O2NDgQND2AfKByocIA"
"Sneeuwpop","","","Oss","51.769213","5.528572","","Yes","Stop","","http://maps.google.com/maps?q=51.769213,5.528572","http://lh3.googleusercontent.com/LaktjoU6j2UCywfkWEuu8cbn99wPf-sKFvDcgxZrdDR85OzrOVazIxu-V83nxwdbRSVCkNoQRT4OxMgilzw"
"Soccerfield Kastanjelaan","kastanjelaan","","Oss","51.753897","5.542578","","Yes","Unknown","","http://maps.google.com/maps?q=51.753897,5.542578","http://lh3.googleusercontent.com/0U6yyLxTmOxeGdYtEgpTnuSwNtrD0_KVa5b_g6BLdCNkZk0BGMr2Dk0PM6rRn-cpZj6w6x2c2dgTsj5ac3k3"
"Soccerfield Treubstraat 2","treubstraat","","Oss","51.757495","5.504848","","Yes","Stop","","http://maps.google.com/maps?q=51.757495,5.504848","http://lh3.googleusercontent.com/G6FVt-d69DqGTSvjf-By5il5FcsNOQzW1b7KzNNpgqirx3HHfk_vocZZtSEKosbs5ul8RbqNCaMrr1YSuM-p"
"Soccerfield Zuiderpark","soccerfield, zuiderpark","","Oss","51.759585","5.538312","ONL 20180620","Yes","ExGym","","http://maps.google.com/maps?q=51.759585,5.538312","http://lh3.googleusercontent.com/yOJ3ri07BvMLNUzJb1_V-R7nwGCDWGMR5nUnmKawa0WlvtWuvPA-h6_Selm5U9AJN7gllLDHpZuShewbbP9v"
"Sociaal Cultureel Centrum","cultureel centrum","","Oss","51.76721","5.521039","","Yes","None","","http://maps.google.com/maps?q=51.76721,5.521039","http://lh3.googleusercontent.com/flSzGOGL5T2g13Hzrwp5h9kkXfjL2No5_cWwzqh5qRymTVb2ereztSDjhHwHTXZsxlo6MMNBELpSG3DI8etl"
"Solar Tree","osseweg","Osseweg","Oss","51.769926","5.551965","","Yes","Gym","","http://maps.google.com/maps?q=51.769926,5.551965","http://lh6.ggpht.com/SEgErqhkmupU_yLvu7tTXakv55hh9FEHI4QbkThbE_r4LtGClXJJcpj-oE-cI_hjJgW0LBCMIlakIcc4MtQ"
"Speeltuin","purperbeer","Purperbeer","Oss","51.77363","5.505929","","Yes","ExGym","","http://maps.google.com/maps?q=51.77363,5.505929","http://lh6.ggpht.com/lzbnNdDvm75UWrC_eAC3MmXRC04-F2l-tFEKSenMBpt_YGie8sUuIOWoXlilC1OSSenUsQxDrT2edNE7TisN"
"Speeltuin Adelaar","adelaar","","Oss","51.768143","5.549392","OCL","Yes","Stop","","http://maps.google.com/maps?q=51.768143,5.549392","http://lh3.googleusercontent.com/AUmoExeXikkH8oB01ne4qY6x5wJgOgqFr3BFJb81yZexV2AfXxeY9oeYmvCQ0yE4cb9IZYvSXM8-_4QkkZFX"
"Speeltuin Albarda","albarda","","Oss","51.754974","5.498989","","Yes","Stop","","http://maps.google.com/maps?q=51.754974,5.498989","http://lh3.googleusercontent.com/AAbYUwxozdS1dBNsTpTNNiI4HW5CjJ8HtVGrxeh0JTcdzjrc_p07zFGufm2xyMeu0reVsAP7zk1XGTIt42KN"
"Speeltuin Anker","anker","","Oss","51.773681","5.500579","","Yes","Stop","","http://maps.google.com/maps?q=51.773681,5.500579","http://lh3.googleusercontent.com/gAnVJEC1FSTHQOD4ob65HyWg4FwRLWjHztXM81nfF40EN9rdGgUrvJATUixH9mrA_nt06WyY7BRHsETiZHY_WA"
"Speeltuin Appelhof","appelhof","","Oss","51.770635","5.498278","","Yes","Gym","","http://maps.google.com/maps?q=51.770635,5.498278","http://lh3.googleusercontent.com/Lh3qQfgO6iqZgX06NOgUhR2SLAsvOytEoamkbbc4o_jfisbXKQSZQjnwBV0ZU73YjbxXZwRxepl2k1udk5w"
"Speeltuin Basket","basket","","Oss","51.759032","5.519398","","Yes","Stop","","http://maps.google.com/maps?q=51.759032,5.519398","http://lh3.googleusercontent.com/Jsh0kky_Gw-qFSznJy6LT2Q5rcO2tEkLEh1gRRq5gcgzabwPKj9ictpPz7AM2Au5MQ4B1Pqx66FXM-IzgRg"
"Speeltuin Beethovengaarde","beethovengaarde","","Oss","51.755554","5.512807","","Yes","Gym","","http://maps.google.com/maps?q=51.755554,5.512807","http://lh3.ggpht.com/lhmG-lIZ1iLSNkA7URl_rmeQcoiPmymvzj1lOPN62oARxpoGDUe0ZOrWQ8eejFqFAjiOpkUXydl2b_1YYgY"
"Speeltuin Boegbeeld","boegbeeld","","Oss","51.776837","5.496821","OCL","No","Pending","","http://maps.google.com/maps?q=51.776837,5.496821",""
"Speeltuin Bourbon","bourbon","","Oss","51.767419","5.536405","","Yes","None","","http://maps.google.com/maps?q=51.767419,5.536405","http://lh3.googleusercontent.com/aBwQRH2IRHsjZ1ZAA7UfQupwmrxZiZhjD_Mk0QeiqOGAPiKx4Ie5BmSGRJmWSUOZHFs0FJvggJ6wbhMQsH5M"
"Speeltuin Buitenhof","buitenhof","","Oss","51.77909","5.507113","","Yes","Stop","","http://maps.google.com/maps?q=51.77909,5.507113","http://lh3.googleusercontent.com/WeH0PE2-hILUV9oCIhfKqhrWin204GpWi2yu0r7ADzHH24w6aE_Md44q8UvTKGoPXmfjbu4qESZPwydb304"
"Speeltuin Cluster","cluster","Vossehol 89","Oss","51.748937","5.499698","","Yes","Stop","","http://maps.google.com/maps?q=51.748937,5.499698","http://lh3.googleusercontent.com/K_CXRJSwkYBA_QZ4P2Keq3xBovi_VTubvBJ9M9Hk1826-uV5Qe8VATrIyyTBX43QgeW66NeWk7-HZmx0XaM"
"Speeltuin De Kempenaertstraat","kempenaerstraat","","Oss","51.75251","5.495767","","Yes","Unknown","","http://maps.google.com/maps?q=51.75251,5.495767","http://lh3.googleusercontent.com/PCs_6Y2XQ0UYTfXv0Gf8ZiBkheDzFOtUh0wvGyo5mFmEDmTzSETEWYZG8soQ2dTunorI5VvV7Bxx2zVJZ4A"
"Speeltuin De Koekkoek","koekoek, koekkoek","Koekoekstraat 9-13","Oss","51.767452","5.542867","PLP 20180624","Yes","Stop","","http://maps.google.com/maps?q=51.767452,5.542867","http://lh3.googleusercontent.com/Wqqn2DT6kwthbjXzZVEP_HnXeKztaqvW91vvLBsHQ5uousejsjgx1d1QuRPJFNyD-Hh5KfH7tJwRlPW_sUs"
"Speeltuin Dobbe","dobbe","Theodorus Dobbestraat 8","Oss","51.773557","5.543698","OCL","Yes","ExGym","","http://maps.google.com/maps?q=51.773557,5.543698","http://lh3.googleusercontent.com/5hMS1cyB6SBDfX7HHNp6V2UCvN-eLUA6Amy0ZKV4V7SJEPuvzPWcPXFtetmmTLa7ssRLdTfBg5ANx9zeImQ"
"Speeltuin Gripper","gripper","Gripper 19","Oss","51.766846","5.531007","","Yes","Stop","","http://maps.google.com/maps?q=51.766846,5.531007","http://lh3.googleusercontent.com/TS0iKDxm9vicOXYZ6NfTZrTd2wOnvX-8BtEBcI_0-irZH5Hxz1O3M_5enqS2x5sX2u-0YFEM6yTXshr9rdBL"
"Speeltuin Groenendaal","groenendaal","Groenendaal 2","Oss","51.776579","5.509293","OCL","Yes","Stop","","http://maps.google.com/maps?q=51.776579,5.509293","http://lh3.googleusercontent.com/aQR6fGNCeexHesG_p_I7J0FMCze7JRsmKuLOfBmGO5cKuslViFdSnCntNX24dbBuDEYL6wkXl01lebwBOgoU"
"Speeltuin Haagpoort","haagpoort","Haagpoort 42","Oss","51.779438","5.520733","","Yes","Gym","","http://maps.google.com/maps?q=51.779438,5.520733","http://lh3.googleusercontent.com/IMLOXye2N-qpDjIqxUd0COLUgLR-3ISKjtd4tFDuylvQv18eUs40VLDq-JdF1Yl7bmTSWK6hnt_JMpqEHrboiQ"
"Speeltuin Harnas","harnas","Harnas 70","Oss","51.782518","5.510405","OCL","Yes","Stop","","http://maps.google.com/maps?q=51.782518,5.510405","http://lh3.googleusercontent.com/zM41LRJErwBEVMrlxCXnCXzsg-dJP9kxmxax6l-iUAIemVp71RyFUhyLEol1pMrvJ0OOKEjub7XwCgah5jg"
"Speeltuin Heihoek","heihoek","Smouteneind 10","Oss","51.758215","5.495284","","Yes","Stop","","http://maps.google.com/maps?q=51.758215,5.495284","http://lh3.googleusercontent.com/RPllZJ0Ym2YyhcitBRSdhvrOFy8a9_yWtk5UoLeY1n5vZajEFfMctCfaZtALm8y5Z9aI1YCUd_ZH64L6K7qpLQ"
"Speeltuin Hendriklaan","hendriklaan","Hendriklaan 6","Oss","51.754953","5.535502","","Yes","Gym","","http://maps.google.com/maps?q=51.754953,5.535502","http://lh3.googleusercontent.com/StJG4JV9WCgJuUDC6bL5fI4Gg7fzZmZih5R8FSE0THbakwiYGadctp-OCY3qGOYT6XCxLOh02BBqSSWEsuY"
"Speeltuin Johan V Bijne","johan v bijne","Johan van Bijnenstraat 48-20","Oss","51.772068","5.53906","PLP 20180626","Yes","Unknown","","http://maps.google.com/maps?q=51.772068,5.53906","http://lh3.googleusercontent.com/sJ8IQtVmWXjGLbm__34giMEtdrriZpa4f2NTovxEBezMnep_v-vnxwQcW7mrHrGiOAI_8CnBOU5Dzyqf19kQ"
"Speeltuin Kiviet","kiviet","Kievit 35","Oss","51.772275","5.548956","","Yes","Unknown","","http://maps.google.com/maps?q=51.772275,5.548956","http://lh3.googleusercontent.com/TtVoV287c0-9atcRveQwuIpqBJx51cP-K6P37Yv752ABRR_YcIxlkVR5TXDlgqEX7eNuPp78ucSBadpWJNGmaA"
"Speeltuin Klaverweide","klaverweide","","Oss","51.77092","5.494453","","Yes","Stop","","http://maps.google.com/maps?q=51.77092,5.494453","http://lh3.googleusercontent.com/fgDNB7_OIOkOApk34gcnhCV2iik0AkIh76amtj374_NvZQ4E5VoSYSGCa1nOjLVqypAx-qRlKvcVBp-w56UgTQ"
"Speeltuin Kuipers Rietberg","kuiper rietberg","","Oss","51.774519","5.527487","","Yes","Stop","","http://maps.google.com/maps?q=51.774519,5.527487","http://lh3.googleusercontent.com/zbhEdjbD3E61nVFHtTms04AFzVGivvgvTAFPajCArineVbkPPE0BXE_PJdTTkj2flJt2r2FbBswkgkOJw_hp"
"Speeltuin Lichtmot","lichtmot","","Oss","51.771561","5.503317","","Yes","Stop","","http://maps.google.com/maps?q=51.771561,5.503317","http://lh3.googleusercontent.com/kX_36S0wmt7ATKJYPuuYwzHmDnDfUHp61-b8QNe-b7Y7QMI1ytV3nHlTorJ_r4Fw4e4oOSHSTjmHH6Y0-o1NaA"
"Speeltuin Meijerij","meijerij","","Oss","51.765344","5.493553","","Yes","None","","http://maps.google.com/maps?q=51.765344,5.493553","http://lh3.googleusercontent.com/YB1CDgfZ7TNOvu44OYGYusZmjnuwJqUAd1Qhi7S_AO5ifsvmMMQfdr3P5GvbcRkWVhTHACX1RUsOCn-cu30"
"Speeltuin Pastoor Bloemstraat","","","Oss","51.763542","5.516537","","Yes","Unknown","","http://maps.google.com/maps?q=51.763542,5.516537","http://lh3.googleusercontent.com/No83cbrloJ3E8UXma6jFKiXCvuylnXZwkAyWwLsUMljH8nEX2oH8aDc7Lyyfk4sdAcmbfSixRtW8hfRCgWc"
"Speeltuin Perzikhof","perzikhof","Perzikhof 18","Oss","51.770787","5.500836","OCL","Yes","Stop","","http://maps.google.com/maps?q=51.770787,5.500836","http://lh3.googleusercontent.com/54rItigEzQ_E3Rf4RNtdffuJEOFbH1FJwS_R52aKSJstpio8MKnATZDRNUhEQkEr0-_2ySeX5-p5stEaMg0"
"Speeltuin Plop","plop","","Oss","51.773354","5.534124","","Yes","Stop","","http://maps.google.com/maps?q=51.773354,5.534124","http://lh3.googleusercontent.com/f_UW5yT6PuJVFsM_0q_Ud4WIc9O8OX58yulOc9JNd45UFf4nV0oRKQRCXr2CZ64TVIvRUoHKDG05Uz3o8Cwi"
"Speeltuin Rozenstraat","rozenstraat","","Oss","51.759218","5.526402","","Yes","Gym","","http://maps.google.com/maps?q=51.759218,5.526402","http://lh3.googleusercontent.com/a8wW-UP1VJXiIDOhDsXhyuaU6re748RvfrUEA1n5vKJ1cH03MhrJg-4xFzECCVCy_8OjeSg5dyFshbilRts"
"Speeltuin Schering","schering","Gripper 5","Oss","51.767759","5.531099","","Yes","Stop","","http://maps.google.com/maps?q=51.767759,5.531099","http://lh3.googleusercontent.com/hKLmtCM__ot16-e0XvxBDYtQUV4tJrWpUxfVB_wTUEF0UWfl81oYdBGxJ6Tmpu5DXspuF2dV5ZfmXesnI4A"
"Speeltuin Seringenhof","seringenhof","Seringenhof 24","Oss","51.761124","5.52841","","Yes","Stop","","http://maps.google.com/maps?q=51.761124,5.52841","http://lh3.googleusercontent.com/KGN9jx0GN1Rrz2moLakjMEh_bNPYU_0fPqXUKyoZh3GrAlDXbLHlZL4BOgR3hDJw4evKjneqEJxYf_9InPCf"
"Speeltuin Sperwerstraat","sperwerstraat","Sperwerstraat 8","Oss","51.767285","5.548327","","Yes","Stop","","http://maps.google.com/maps?q=51.767285,5.548327","http://lh3.googleusercontent.com/YWEqpYtRODBr8n6uP_wTLNiKw4aSsANxzw4go_BBK8bidFD6MHbqMHELs-K93N-yLaJyQ8w92yWy3JaFDKMBOQ"
"Speeltuin Tinnegieter","tinnegieter","Leerlooierstraat 37","Oss","51.763227","5.494023","","Yes","Stop","","http://maps.google.com/maps?q=51.763227,5.494023","http://lh3.googleusercontent.com/-iEDs7ld-bw2m6GmSMotkIDxFMT4jJuPSe5qLhS6GZl9RzfssaThQV7jHPnJ-Cp-A8_VaB1EfhkBmnn6lQLQ"
"Speeltuin Ussen","ussen","Kleinussenstraat 34","Oss","51.76537","5.489799","","Yes","Stop","","http://maps.google.com/maps?q=51.76537,5.489799","http://lh3.googleusercontent.com/PA5wZ3PHfmFCyFhHue1vl3yaBeYFDBD-HOPmW4LM3BqoU82e9VFp4f_JaYtI7EFNAYs-p9rJaGUzUOtVC92E"
"Speeltuin Wagenaarstraat","wagenaarstraat","Wagenaarstraat 142","Oss","51.750515","5.523169","HSL","Yes","Stop","","http://maps.google.com/maps?q=51.750515,5.523169","http://lh3.googleusercontent.com/Ka5k0ryNWcKmMW9vAQyKj-pNbjhpMHFAhMBa5ss0Mh5j5W6m-y1l8B-fgic349eSpz88DAjkqRar7CeSNdBC"
"Speeltuin Zonnebloem","zonnebloem","Zonnebloemstraat 41","Oss","51.762992","5.52578","","Yes","Stop","","http://maps.google.com/maps?q=51.762992,5.52578","http://lh3.googleusercontent.com/kW1UfYe3pUZSMSsFklwmo5Yo9jvwif8OXhynJ8j035W74U2lnVbV5--xJOTehWBYRy0jYPvZtFkmz4MBOhs"
"Spelen Met Een Bal","spelen","Dommelstraat 2","Oss","51.78022","5.536842","","Yes","Stop","","http://maps.google.com/maps?q=51.78022,5.536842","http://lh6.ggpht.com/CPjwLKLi8NFEl_i5duu_wKbnxYsAWybsTWdOGjwKCgDKzCL7K8NeR_7aRRvvDPZ_Axat_K4jL_NBNRDySjI7QQ"
"Spieakker Speeltuin","spieakker","","Oss","51.766437","5.512656","","Yes","Stop","","http://maps.google.com/maps?q=51.766437,5.512656","http://lh3.googleusercontent.com/dIRN0AkvV9CkZocAolK0ejnSiAmwmIWZjLY-BIK1lljEscxZyboPRlHeBhylxo74QR7ld4Fn_re36sgHYiW4"
"St Mary with Angels","st mary","","Oss","51.769081","5.522446","","Yes","Gym","","http://maps.google.com/maps?q=51.769081,5.522446","http://lh3.ggpht.com/UNzWToDe3qq-Ev_UkWL0XLY952S1zt6M_sk5_-4vc-zlG-eVjTYe4VXi2b3dxvADLLBsgcBqLaqV8g7sdDRkiQDHBAoeY9wgw1CchoNADql8O1k"
"Standing Figure","standing","","Oss","51.75454","5.50851","","Yes","Stop","","http://maps.google.com/maps?q=51.75454,5.50851","http://lh5.ggpht.com/M8wdCoAJQA4n10GLA2M4phFBySMUGmjzSpvlpQrXIjUzO0YrCG0m2BI01ir8isi_3pxM1OOPcFZ8RRBLuicljXaimK_HBcX-F93dVecfydTaqPbWaw"
"Standing Figure II","figure II, figure 2","","Oss","51.754643","5.509495","","Yes","None","","http://maps.google.com/maps?q=51.754643,5.509495","http://lh6.ggpht.com/dprRYZIR6Ev1yWwyKg3rvm8FdkcEbf8D27PJul4Ii-laORTAUNBcOvggLCXJhNLGvptCJtguM9avRzj-MOfyEjpQBsnldCNa1SAN8uZVwCbQ2iyuCw"
"Station Oss West","oss west","","Oss","51.758276","5.506861","","Yes","Stop","","http://maps.google.com/maps?q=51.758276,5.506861","http://lh4.ggpht.com/hBClN0lx1DeYMSlqmyeWkx1uBgA__wTp-AWqV9vg1ik3umEazzrMIrYnO8yh0jaZB0337Yzlc4ihYC0XvLEOTA"
"Statue Jurgensplein","jurgensplein, jurgenshuis, anton jurgenshuis","","Oss","51.770108","5.532293","","Yes","ExGym","","http://maps.google.com/maps?q=51.770108,5.532293","http://lh4.ggpht.com/SBh3FM4ZJvypUFXHo8DYZalr0NedxpLUGQh15xe8KjlHrrXUDs3V84we8tIm-XyU3P7Rw_X1b-3ZkVl_M7-lg18uqoElXv0GM0XDzqn3HimbqA"
"Statue of Saint Mary","saint mary","","Oss","51.76977","5.529917","","Yes","Gym","","http://maps.google.com/maps?q=51.76977,5.529917","http://lh6.ggpht.com/ix-ZPnnbR8HT-oVfp2RfTip3th4O03rYuhXHXHzqCpk8SdFNiQUEk9f-DJBd1BNOY0Oig0wGOzOTfHlC9G0"
"Statute in Stone of Female, Oss","statute in stone, statue in stone","Ridderhof 41","Oss","51.76519","5.526619","","Yes","None","","http://maps.google.com/maps?q=51.76519,5.526619","http://lh3.ggpht.com/ZKvuy84EJ1qkIBu2qXGKVLQaPcsIt5chSvJJBYVmZM-6Oq640slJ4LHgGjt9hShf0wLdSdpXlCFUzeNJarq5jon9ArUF9BpsTAi1klQrZPbUrU7G"
"Stieropdemuur","","Raadhuislaan 2","Oss","51.765439","5.526279","","Yes","None","","http://maps.google.com/maps?q=51.765439,5.526279","http://lh5.ggpht.com/zEbnpyN0jI6VmMFeplLsPTQJ3InqB5JamxtZ6dzNWDjR0eZNVtctnhostoAkzly6C7zEUDlRbcaAEMAznQs"
"Stoeploos","","Condorstraat 1","Oss","51.768673","5.546485","PLP 20180624","No","Pending","","http://maps.google.com/maps?q=51.768673,5.546485",""
"Stolpersteine","","Hooghuisstraat 11","Oss","51.769633","5.52694","","Yes","Stop","","http://maps.google.com/maps?q=51.769633,5.52694","http://lh3.googleusercontent.com/K3qqd7CAlJEwL69Y1f1ns7CiDjqXpc7FyJTXUx3vYaYst8jK3cCDtnmwQ_jq38runLThYhaAICLqlfdw117VHg"
"Struikel Doelen","doelen","","Oss","51.767676","5.534716","","Yes","Unknown","","http://maps.google.com/maps?q=51.767676,5.534716","http://lh3.googleusercontent.com/C4k65djgT32zD-h5NQ18hBwO6_-qK02fwfE_VawWRNm61ASyQ4ndZhgrC2TedYIjetgaFFvejREdjcl7siF5"
"Struikelsteentjes","boterstraat","Boterstraat 6","Oss","51.765955","5.525427","","Yes","Stop","","http://maps.google.com/maps?q=51.765955,5.525427","http://lh4.ggpht.com/9R7YgFrHPBZ4DegYoBETIitAgmWU_LGyxxyyiqBDY1_ZgS0rvflitTKeonyqVS2IBCuTqKoXLSAagbYsS8w"
"Struikelsteentjes bij Jezusgym","","Hescheweg 40","Oss","51.758437","5.529111","OCL","No","Pending","","http://maps.google.com/maps?q=51.758437,5.529111",""
"Struikelsten","struikelsten, struikelsteen","Rozenstraat 27","Oss","51.760075","5.524745","","Yes","Stop","","http://maps.google.com/maps?q=51.760075,5.524745","http://lh3.googleusercontent.com/E95tYYw1wChuJrtSE1x1zzA4REnKtzJs59AK72OE1RDi52aCdB0w_k3w9AnjEkoO0VKWnS7FFr2WkMa6nBECXQ"
"Struikelstenen","","","Oss","51.76647","5.532465","","Yes","Stop","","http://maps.google.com/maps?q=51.76647,5.532465","http://lh3.googleusercontent.com/FpAtx8e2RY4QXvhC4mSXKOM3GoHjqFdvgmphzCT1hfxXtdQfqSXbPULWIIOsbG9GUjQJ6uXx_wtoAXLaqm2UGg"
"Struikelstenen Hescheweg","","Hescheweg 32","Oss","51.75903","5.529299","OCL","","Rejected","http://www.openstreetmap.org/?mlat=51.75903&mlon=5.529299&zoom=16","http://maps.google.com/maps?q=51.75903,5.529299",""
"SV TOP","top oss","Martin Luther Kingplein","Oss","51.755756","5.527512","HSL","Yes","Stop","","http://maps.google.com/maps?q=51.755756,5.527512","http://lh3.googleusercontent.com/GMyvoO98u2o-MgAxhhWS4B1qftLQpO6aDUaMuyQ5SxPVhmz-WR465_84gPupbnLzbZLVjf9cqdxqrqzUead4DA"
"T Art","art","Parklaan 14","Oss","51.77513","5.501125","","Yes","Stop","","http://maps.google.com/maps?q=51.77513,5.501125","http://lh6.ggpht.com/bsWUIAPS2PQrek_zkcVVN_lqndt6qwiHIc2SvBR_SKGKM9KVpT85mDkCb7yE9ClnrWtlj4UvwpbHwHd0aDwY"
"T Putje","putje","Willibrordusweg 150","Oss","51.746842","5.544729","","Yes","Stop","","http://maps.google.com/maps?q=51.746842,5.544729","http://lh4.ggpht.com/tE7IIEnJt7AVLLqhRGOriK7hPBoEasb2N6AA-lLYaCHOgERL7XvBp39dIZc9vIIXcsp1ZCXWCmddaHaJz2yl"
"Tennisbaan Ussen","","","Oss","51.769197","5.498438","","Yes","Unknown","","","http://lh3.googleusercontent.com/n7kYX6RHi-1Xim8ElVo58Hce4IjHeNGD8N7_AbDx0XP2bQcHkW1gU1F211zs2ZtOiPRc1DdxTmydugrK5V2m"
"The Peacock","peacock","","Oss","51.767941","5.532506","","Yes","Stop","","http://maps.google.com/maps?q=51.767941,5.532506","http://lh6.ggpht.com/3kllVRPtJovhy0VlUYvLrPOqV8j6iC4QvO0oZyVIi2UuJSzQl3Td85L74dqtFE8_esPE31MTrqWAm1IsbSw"
"The Playground","","","Oss","51.751861","5.503661","","Yes","Stop","","http://maps.google.com/maps?q=51.751861,5.503661","http://lh5.ggpht.com/q2hj9Gbdo4KUbNIzW0cJCYPNG9PTGHRfMNrE-2K2UwukOqcCcqp-o7He_S9PWrC2QFXmqOllyksP45RkL3E"
"Titus bij MSD","","","Oss","51.762212","5.530231","","Yes","Unknown","","http://maps.google.com/maps?q=51.762212,5.530231","http://lh3.googleusercontent.com/QHxBaSk360c-XSZjI_hm5OL2QtMe4e3kAjn0vGo9y9aq612LzxVHNIk5d9rzgK_y3Zzz7SS5CjAunhvB33wj"
"Titus Brandsma","brandsma","","Oss","51.766977","5.525773","","Yes","Stop","","http://maps.google.com/maps?q=51.766977,5.525773","http://lh6.ggpht.com/v-JovPCoC_KuJtXOeUtcEMd0LJn1aFuQrQ8rD4zFZfWTN51d4BTlvaGJC1PESyqkOk5Tb8CaTtVTvon-y6YuwatjKR3tILn8SbQyWgJu8Wc3Gtqecg"
"Train Station Oss","station oss","","Oss","51.765212","5.530683","","Yes","Gym","","http://maps.google.com/maps?q=51.765212,5.530683","http://lh4.ggpht.com/4FAMUYdMLtiGACvhl5-G-PEm4U4AZCDm5nwQT_KUQzK8RsoBnHMJTi_qx9wPGzFdkmxHAg0NgeY18_8CbtSJ"
"Triton Oss","triton","Bergsche Hoevepad 15","Oss","51.749765","5.490887","","Yes","Stop","","http://maps.google.com/maps?q=51.749765,5.490887","http://lh3.ggpht.com/YLViVRab0X1YhI2VYEjR_oHZv8y9zobVQL1EPSeAqp0jxPP4rtwWtQvA1lPHCTXkO0k-mULto1VmMzt9zzGf"
"Tussen Jou En Mij","tussen jou","Anna van Schuurmanstraat 290","Oss","51.752278","5.502205","","Yes","Stop","","http://maps.google.com/maps?q=51.752278,5.502205","http://lh6.ggpht.com/jOu8w2p6kJrNbazqrw5O19z4qZgl3KsinwgvNshrq0elh7eCpvj6yNaDcCMQNmD6xKUKJCO7HRzZb5LKPGxvPw"
"Varken","","","Oss","51.768095","5.524207","","Yes","Stop","","http://maps.google.com/maps?q=51.768095,5.524207","http://lh3.ggpht.com/4eyhhDQlD1bgVv0MC_zqBqfDQFgftWSsIEJoYwBt5gTT_H6XeBeO_HXNXNZWJ9ToQvgbmF8p80mtIa62QZAvAVweWL7IYP5e6682hUhIqgxxOnOt"
"Vernieuwing","","","Oss","51.748648","5.53603","ONL 20180620","Yes","Stop","","http://maps.google.com/maps?q=51.748648,5.53603","http://lh3.googleusercontent.com/I9sJqfPVFLVC21SXgKth6_kdBoUnt4ED--yzMedmd93acCFAHdDDGJzEii1TkfX0Iyi5J69RPs5tv4uk5YA"
"Vijversingel boomstammen","boomstammen","Vijversingel 18","Oss","51.769358","5.545018","PLP","No","Pending","","http://maps.google.com/maps?q=51.769358,5.545018",""
"Vijversingel fontein","","Zwaluwstraat 1","Oss","51.768618","5.54457","PLP","No","Pending","","http://maps.google.com/maps?q=51.768618,5.54457",""
"Vijversingel kruijff veld","kruijff veld","Vijversingel 22","Oss","51.769043","5.544752","PLP","No","Pending","","http://maps.google.com/maps?q=51.769043,5.544752",""
"Villa Katrien","katrien","Beatrixlaan 2","Oss","51.757169","5.530117","HSL","Yes","Stop","","http://maps.google.com/maps?q=51.757169,5.530117","http://lh3.googleusercontent.com/Zyyn5KL4tAEzmQ-5fmOQLktl0mXNhaFaNaaI9gDtIFdD84vgkAwojv54hvgDtcCmbBp2Q-NIN7q4ghFuo4Ad"
"Violin in Stone","violin","Raadhuislaan 2","Oss","51.765199","5.525603","","Yes","None","","http://maps.google.com/maps?q=51.765199,5.525603","http://lh4.ggpht.com/_lvboRtX6ww2RGawejBEJ8jpT9_qajVBd2usKxpBi5RNT5OfbTg8qxgJYt_X4tksNsKUU5Shi7lSBEoq9ssHnGiEOh2IyPwFwXDe5o567N71xHJuVQ"
"Voetbal Veld","voetbalveld","Huizenbeemdweg","Oss","51.76766","5.491891","","Yes","ExGym","","http://maps.google.com/maps?q=51.76766,5.491891","http://lh3.ggpht.com/kUiAGSINuTFq6DLg_8hDoXMpNcRHx9AR1uzJR0F6rdvOQ3XSuhMjWmUchRDvkK_WC1NUq8eQNYh5ZsG3Utw"
"Voetbalveld Johannes Post","johannes post","","Oss","51.772062","5.544209","","Yes","Unknown","","http://maps.google.com/maps?q=51.772062,5.544209","http://lh3.googleusercontent.com/6qRNBbwj1-6lQasuBr0bbV0i7n91yRifucETrqgkZ_y72uTP3FwcgwZnJ4UzOzks3GvT1q2MS4cmMBQTM5Nf"
"Voetbalveld Koningspage","koningspage","","Oss","51.771043","5.503204","","Yes","Unknown","","","http://lh3.googleusercontent.com/dOt47zh8rLfYOgxLVsGcWQM-zbgnPlIZzjiFjC5RikNbtcMM3FGsgm9XtGAItZit1WqDuljYwtBSSR9NIPc"
"Voetbalveld Mondriaan","mondriaan","","Oss","51.754571","5.530102","","Yes","Stop","","http://maps.google.com/maps?q=51.754571,5.530102","http://lh3.googleusercontent.com/qg_XCkYv7P6B3esTWX4jMj3Sx9oqNZpTEjpuEFT4K5jbsoZ_A7V1oFrFqOvX78auMPdJ6MJtM7-FR9smfQMCEg"
"Voetbalveld Parklaan","parklaan","","Oss","51.775417","5.501004","","Yes","Stop","","http://maps.google.com/maps?q=51.775417,5.501004","http://lh3.googleusercontent.com/EEZd2oStqkGHgOPDM50CjrhX-mtRCjLic4P0OufHefdGsNJGv6GlY3zTrWT6DcMVU79Alf4nA1OJWIzQRK8"
"Voetbalveld Sibeliuspark","Sibeliuspark","Sibeliuspark 47","Oss","51.753183","5.524134","HSL","Yes","ExGym","","http://maps.google.com/maps?q=51.753183,5.524134","http://lh3.googleusercontent.com/D4uLACPARGkelyyJguosJyFlSF6VFtweqGfLKD2Qu5iuEpUn7XISOkoOWmcnoxValUHOaBOqvv-DXdk5fW4"
"Voetbalveld Ussenstraat","ussenstraat","Ussenstraat 77","Oss","51.768703","5.50398","OCL 20180623","Yes","Unknown","","http://maps.google.com/maps?q=51.768703,5.50398","http://lh3.googleusercontent.com/9z0Qj4QlJdZmMSIiqZf96Rgnucq2K4tBCbXeGh-lV9RFSTqdH44IOK9zUSKyX-UfsnCxF6L-pfDATbFGEuXc"
"Voetbalveld Wagenaarstraat","wagenaerstraat","Wagenaarstraat 348","Oss","51.749629","5.520207","HSL","","Rejected","http://www.openstreetmap.org/?mlat=51.749629&mlon=5.520207&zoom=16","http://maps.google.com/maps?q=51.749629,5.520207",""
"Voetbalveld Witte Hoef","witte hoef","","Oss","51.747713","5.522516","","Yes","Unknown","","","http://lh3.googleusercontent.com/IX9RUjlZ6uOBsNQiFP5eDLq8YjDGlaoQhp5nHNuVC195kchAK8ncjMtRpTintcnOywnHRQne8Px71GY8HYiJow"
"VolksUNIversiteit","","Kruisstraat 94","Oss","51.764765","5.520032","","Yes","Stop","","http://maps.google.com/maps?q=51.764765,5.520032","http://lh3.ggpht.com/0Z0gCiIPkQg1Ceo7LQU_e_QT4_bfj2QYZ3Z4IN8uwilDD_6PoKReNFTQkw2cqSKywhFdiITVV83MTZmm1tk"
"Voormalige Kazerne","kazerne","Hescheweg 21","Oss","51.759294","5.529617","OCL","Yes","Gym","","http://maps.google.com/maps?q=51.759294,5.529617","http://lh3.googleusercontent.com/Yv0NvCH8bCZ2gVs2-gBNGFyAkEqrYlG7mhn4r_WwYcud8r3ZEyCR_ESJFsUdDg16T72QAS_0WLtgKBG4hCB1sw"
"Walking figure Oss","walking, walking figure","Anna Bijnsstraat 12","Oss","51.754783","5.510038","","Yes","ExGym","","http://maps.google.com/maps?q=51.754783,5.510038","http://lh3.ggpht.com/i2xhLNVauLU1nLwv7gNEJyCTjp7e0h0RpD8lotgtWGoqguMEXx9h3FyFZnvrng-JxO0unmUpi2Z0qGzdXcgW7kQdhpmXaawVGksu8eXnrsMEbFsx"
"Wall Art","hazenkamplaan","Hazenkamplaan 19","Oss","51.765093","5.493715","","Yes","Gym","","http://maps.google.com/maps?q=51.765093,5.493715","http://lh3.googleusercontent.com/KPysSQx4WFwd59rrCuWMnhIz_kmwuS27l3KyVJerQGJVWYHZTfuA15N92oqJltzT_WZ1P_wF7J5n47wwMEX9"
"Wall art Zuid","karel doormanstraat","Karel Doormanstraat 12D","Oss","51.759321","5.536089","ONL 20180620","Yes","Stop","","http://maps.google.com/maps?q=51.759321,5.536089","http://lh3.googleusercontent.com/QmWdOJ5H-ESTH9ExL1eTiGD6OxfYa00XmbMnqn5yt2l7UpCWDEhZDlIdqOOf2UBIhEJBwUxAHlOAoMnCX2d5"
"Wall Art Zuid II","","","Oss","51.75899","5.536704","","Yes","Stop","","http://maps.google.com/maps?q=51.75899,5.536704","http://lh3.googleusercontent.com/grhvJEPLe0bgr3dd25BANakgCiikMcrlao11MHlSR_dC6QJt1lH04eY6UwVKlWyc-qcDbq2CSIad1ByElIuy"
"Wandelroute Putje","putje","Willibrordusweg 85","Oss","51.747077","5.544786","","Yes","Stop","","http://maps.google.com/maps?q=51.747077,5.544786","http://lh3.googleusercontent.com/j42-S85ctoJ91VL5hbRgaTAbIbEhMdFR162G8nJp-SQM1IN-LZh6VpqwOLseexlVeYwSdgNYMYnrJ_dALt23Zw"
"War Memorial Oss","war memorial","Nieuwe Hescheweg 80E","Oss","51.758077","5.532414","","Yes","Stop","","http://maps.google.com/maps?q=51.758077,5.532414","http://lh4.ggpht.com/mlcjUnpP-80BopkCKikFREXT78YlBv47ENWEwmlTTXfu1M7aYUUCJiPO5JmSnlB881w7xFvm-BzCOb0B7kfELzeg4DSAIUSztbsVQ78cQZ8DVyFPxw"
"Water Kunstlicht","kunstlicht","Heuvel 16A","Oss","51.769409","5.524846","","Yes","Stop","","http://maps.google.com/maps?q=51.769409,5.524846","http://lh5.ggpht.com/yRuqxcfDkChsmZz_7JVGmcF-gJXo4dQkRFc2Ma4wTtvg8MiaygGhxGYb6yPewV-r3WmUX34vkTbA9HN2rU0"
"Waterpaddestoel","","","Oss","51.762585","5.545496","","Yes","Stop","","http://maps.google.com/maps?q=51.762585,5.545496","http://lh5.ggpht.com/NUPpngoBFmpQfM1Z6i006ELOlz5kmzEz6vMdXlslnBj9GaKAmebMpEuX7RuQvBl-xxVGqQEywXluSKhdBvM"
"Waterpomp Met Drink Bak","waterpomp, drinkbak, drink bak, waterpomp met drinkbak","","Oss","51.770612","5.526161","PLP","Yes","Gym","","http://maps.google.com/maps?q=51.770612,5.526161","http://lh3.googleusercontent.com/TnFM1E53NWcPe4DkVUkuXDz0HIlDohKU3tKgyMtYeVEnqJJkhHFApu5mF6SEAyShudGJOshCFalfOirPP4g"
"Watertoren","","Watertorenstraat 1A","Oss","51.765574","5.51535","","Yes","Gym","","http://maps.google.com/maps?q=51.765574,5.51535","http://lh3.ggpht.com/cEV1GTn6rsVUAql5mj2Q9B70ben_I9WbApF1k_DFEx2SFGtYd273b9AwVfUJhOyf-B43FHN8yhiucvzwsuJlfQ"
"Welkom in de Dichtetsbuurt","dichtetsbuurt, dichtersbuurt, welkom in de dichtersbuurt","Brederostraat 53","Oss","51.751366","5.512912","","Yes","Stop","","http://maps.google.com/maps?q=51.751366,5.512912","http://lh3.googleusercontent.com/wbw6DStjskAKZWLsZQ7N4kKj7ovbjtNPNWCsKjKMFiYK5VYgtFrBIoI2DX7TaKpF5U9osyKqoAKrOM2bgqVoow"
"Welkom Op De Wereld","de wereld","Kloosterstraat 6","Oss","51.762754","5.531816","","Yes","Stop","","http://maps.google.com/maps?q=51.762754,5.531816","http://lh3.googleusercontent.com/P4CChSc34QaWWw7P-JvtGgrIKPfG5QLi8Ei89jLxL5jhUnpiyCbzC26P_2f3EQe6m1_K78ZprALoatQu6N008A"
"Welkom Smaragd","smaragd","Smaragd 19","Oss","51.76535","5.507187","","Yes","Stop","","http://maps.google.com/maps?q=51.76535,5.507187","http://lh3.googleusercontent.com/NK_r3AlzPuC7nl0q8RrIPCuUflN2GazQ0sKK5ZUl7IXMuw3CWIsaRfuzWPs_QRHS4Vo2dmgNjwskcOkPxOC0qQ"
"Wereldbol Ruivert","wereldbol","De Ruivert","Oss","51.752559","5.529377","HSL","Yes","Unknown","","http://maps.google.com/maps?q=51.752559,5.529377","http://lh3.googleusercontent.com/v_F4pRVnkKNfKw2u7bJwL7rxYFIuarV5cTNpB-RKjAaE3R6ZuulYMl9ZC4paTf15Ob_gG1S63aRapw6zlyo"
"Wijsheid in de Geneeskunde","wijsheid, geneeskunde","Kloosterstraat 6","Oss","51.763009","5.533088","","Yes","Stop","","http://maps.google.com/maps?q=51.763009,5.533088","http://lh3.googleusercontent.com/DUz3X8N38JoVIqsezli7_q8I2lKEN_fVomZWaLw6Cvz2O1fOUh8VQL1M8Lang3G15QdflG7zS_Ie9mo_EN-g"
"Willibrordus Kerk","willibrordus","Kerkstraat 54","Oss","51.769232","5.522022","","Yes","None","","http://maps.google.com/maps?q=51.769232,5.522022","http://lh3.googleusercontent.com/hhHa9YlWtnDiIINkmTg9gla3ZqBeMs0y42YxTKgcRjwXbOHpFKMRgLdBb89NQ1Dj-k-pVt5q_XdIfRWqAtV7iA"
"Window Mural","","Torenstraat 4","Oss","51.76909","5.521376","","Yes","Stop","","http://maps.google.com/maps?q=51.76909,5.521376","http://lh6.ggpht.com/IXG06LaC4hOWPmGWhoWKT4CmlICvXvnGVdIt_COWI7bcVvzubNYQ0Y17V2nZLzHhc10SBWPkx0jusl-4_Kyr"
"Wooden Art Couch I","wooden art, couch 1, couch i","Walplein 26","Oss","51.768261","5.523188","","Yes","Stop","","http://maps.google.com/maps?q=51.768261,5.523188","http://lh5.ggpht.com/4kZIeC4OK3Vn16IbplcwSzHJxgrpC59QqxTP3qlN9b4rVYBCl9zsNUK54d_ISw0nEw9gi__44nrPt7FNmR03dw"
"Yellow Man","","Anna Bijnsstraat 70","Oss","51.753504","5.505916","","Yes","None","","http://maps.google.com/maps?q=51.753504,5.505916","http://lh3.ggpht.com/Ri5qmGi435ifjfYGEFAIf81uEYFS23Wi4_dXzS6DolCOaOR4mvlH_WSynzlNrG71DY47HSJEXPyymzhV13U"
"Zijkant havikstraat 1","havikstraat","Havikstraat 1","Oss","51.76867","5.54724","PLP","No","Pending","","http://maps.google.com/maps?q=51.76867,5.54724",""
"Zonneboom","","Megensebaan","Oss","51.765259","5.552766","","Yes","Stop","","http://maps.google.com/maps?q=51.765259,5.552766","http://lh4.ggpht.com/5ZCdfBvGjvraa1nn-NpxsLxI5YFy1fsbuSq_ELPSYBlIYqUJRPnLPWaYthaX15hA5sw7ULWJM-k5GY_ptYo"
"Zuidergebouw Oss","zuidergebouw","","Oss","51.759319","5.533245","","Yes","Stop","","http://maps.google.com/maps?q=51.759319,5.533245","http://lh3.googleusercontent.com/MUhXio7NX7tzqAiy6g0AvuChf48AWcg4dTKLQ6EEL7gUgP1PBqj2VO-cBojqhH8ZjF1XCnd8GA6r1LfGKiRZ"
"Zuilensculptuur","","Boterstraat 108","Oss","51.766118","5.52365","","Yes","Stop","","http://maps.google.com/maps?q=51.766118,5.52365","http://lh4.ggpht.com/0M6vcmSfIW1UsIlcM6IF6XLODX6BnbCytHTMDMh2-z-DPUYptTWvqMZOYTa8QNeYYt1l4a7XZqExnCy7W1Roj9CSlIYlGBmoGphGSpnFMlplnfqBnA"
"Zwaan","","Braakstraat 94","Oss","51.762786","5.505349","","Yes","Gym","","http://maps.google.com/maps?q=51.762786,5.505349","http://lh5.ggpht.com/8vbi-mwix3mRIMCbbB1mwg1Bo31NzLEwucl65JbmieaaDLZnnt744vA5L5EIcVb_TbFBYQ5ZOsWpb62dKBM"
"Zwervend Erf","zwervend","Zwervend Erf 2","Oss","51.777046","5.532855","","Yes","Stop","","http://maps.google.com/maps?q=51.777046,5.532855","http://lh3.googleusercontent.com/ZvnZzEp9OW4jAtwXd-mzijFVeyO31gatYQrDhQQsarCNsQQ39lrMymHWj8FfGsDOXig_RaoFvn_cSj0JK4jK"
"Zwevende Kei Horzak","zwervende kei, horzak","De Horzak 7","Oss","51.77635","5.527579","PLP","No","Pending","","http://maps.google.com/maps?q=51.77635,5.527579",""
